,0
0,
1,công nhân
2,2983
3,cấp dưỡng
4,nhân viên bảo trì
5,công nhân ủi
6,nhân viên
7,nhân viên kinh doanh
8,công nhân may công nghiệp
9,công nhân se sợi
10,công nhân sx
11,công nhân vận hành máy may
12,công nhân vận hành thiết bị may công nghiệp
13,điều dưỡng trung học
14,nhân viên buồng
15,công nhân tổ sửa hàng khoán
16,y sĩ khoa phẩu thuật
17,nhân viên giao nhận
18,nhân viên lái xe
19,giáo viên - trường tiểu học hòa đông a
20,công nhân lắp ráp
21,kế toán
22,nv phục vụ
23,công nhân lắp ráp bình acquy
24,giáo viên
25,nhân viên sản xuất
26,vscn
27,đứng máy cán
28,nhân viên phục vụ
29,chuyên viên
30,chủ tịch ubnd p7  cán bộ tăng cường
31,cán bộ cấp 2  vùng 3  bậc 1
32,nhân viên bán hàng
33,cbkct
34,cnhân cắt vải
35,cn kiểm hàng
36,công nhân đóng gói
37,thư ký hành chánh
38,hộ sinh trung cấp
39,công nhân tổ ép cong
40,cán bộ văn phòng thống kê
41,công nhân deät 3a
42,công nhân tổ kiểm tra
43,bác sỹ
44,công nhân sản xuất
45,công nhân ép đế
46,thợ may a2-ab
47,nhân viên bán xăng dầu
48,công nhân may
49,nhân viên tư vấn tín dụng - cd
50,lao động phổ thông
51,công nhân giao hàng
52,nhân viên thu phí nhập chợ
53,nhân viên công nghệ thông tin
54,quản lý
55,công  nhân đế cs- ép đế c
56,công nhân bảo vệ kho vật liệu nổ
57,bảo vệ
58,nv kinh doanh
59,kế toán trưởng
60,công nhân sữa chửa và bảo trì máy dệt
61,kỹ sư
62,công nhân lắp ráp linh kiện điện tử
63,công nhân injection
64,công nhân gia công
65,giáo viên trường mầm non 5 phường 5
66,tài xế
67,nv tạp vụ
68,kỹ thuật viên
69,cn phụ chuyền- may công nghiệp
70,nhân viên kỹ thuật
71,vận hành máy cuốn điếu  đóng bao thuốc lá
72,nhân viên  bảo vệ
73,giao dịch viên
74,công nhân mộc máy tại bảo minh
75,cụng nhõn ki?m hàng
76,kế toán tại bình chánh (tp.hcm)
77,nv kcs
78,cn may
79,công nhân phụ thêu
80,cnv
81,công nhân sản xuất cọc ống bê tông ly tâm
82,nhân viên kiểm phẩm
83,cn
84,nhõn viờn kinh doanh
85,nv lái xe
86,công nhân trải vải
87,may công nghiệp
88,giáo viên thcs
89,công nhân may túi xách
90,công nhân may cn
91,nhân viên thao tác
92,nhân viên phòng thí nghiệm
93,phó giám đốc xí nghiệp
94,công nhân hàn
95,phó chủ tịch hội cựu chiến binh xã
96,sale assistant
97,nhân viên p.nhân sự
98,thợ may
99,công nhân viên
100,công nhân đường dây
101,nhân viên nấu ăn
102,công nhân kiểm tra chất lượng
103,công nhân ép keo
104,c.nhân bán lẻ xd b1/6
105,lái xe
106,nhân viên băng tải
107,kiểm giày
108,giáo viên  tổ trưởng tổ 4+5 trường tiểu học tân hòa thành a
109,công nhân sửa chữa
110,nhân viên đứng máy đánh ống
111,nhân viên phụ bếp
112,công nhân bp đánh bóng
113,công nhân dệt
114,giáo viên trường th điềm hy
115,nhân viên bopp
116,undefined
117,công nhân chế biến hải sản
118,công nhân thợ phụ
119,kỹ thuật viên trung cấp
120,công nhân sushi
121,công nhân nông phom
122,cán bộ thiết bị thí nghiệm
123,công nhân vận hành máy dệt
124,phụ cắt
125,công nhân  phụ việc
126,bí thư đảng uỷ
127,nhân viên thiết kế
128,công nhân hình thành
129,kỹ thuật viên b3
130,công nhân hoàn tất
131,công nhân chuyền lắp ráp 2
132,nhân viên kiểm lỗi
133,công nhân phụ việc cắt chỉ
134,phục vụ
135,giáo viên trường th bùi thị xuân
136,công nhân nm sợi 2
137,c.n
138,công nhân cơ khí
139,công nhân xếp khuôn
140,phó phòng kd
141,công nhân  ktcl chip 1
142,công nhân sản xuất phân
143,địa chính - xây dựng
144,nv kỹ thuật swap-ninh kiều  cần thơ
145,nv văn phòng
146,công nhân vận hành máy mya công nghiệp
147,nhân viên - v04 - tỉnh bình thuận
148,nhân viên - v02 - tỉnh bà rịa - vũng tàu
149,điều dưỡng
150,nhân viên phòng khảo sát đo đạc
151,công nhân đồng bộ bán thành phẩm
152,công nhân ql đường dây và tba < 35 kv điện lực phù ninh
153,cn may 23
154,nv giao nhận
155,tap vu
156,công nhân chuyền hộc kéo a
157,nhân viên bảo vệ
158,công nhân đóng kiện may công nghiệp
159,công nhân sản xuất điện tử
160,công nhân chăn nuôi  chăm sóc  vệ sinh chuồng trại gia súc  gia cầm
161,công nhân sản xuất linh kiện
162,ban kiểm soát
163,bí thư đoàn xã
164,công nhân may tay
165,thủ kho
166,côn gnhân
167,công nhân dây máy
168,công nhân qlvh đz  truyền tải điện 500kv đắk nông
169,công nhân khai thác mủ cao su
170,nhân viên chất lượng
171,công nhân - tốp - xưởng 1
172,nhân viên bán hàng thực phậm chức năng
173,gv
174,nhân viên bảo trì nhà máy
175,công nhân in sơn
176,nhân viên hành chính
177,công nhân sản xuất bóng đèn
178,trưởng trạm y tế xã quế lâm
179,công nhân chế biến
180,thợ điesel b4
181,công nhân qc
182,nhân viên nghiên cứu thị trường
183,giám sát
184,thợ in
185,công nhân vật liệu
186,công nhân vận hành máy may cấp 1
187,giáo viên trường th xã lùng cải
188,công nhân kho
189,công nhân khuôn
190,cnsx  xé da
191,công nhân hàng mẫu
192,bảo vệ rừng
193,sơn  in da và pha chế hoá chất để sơn  in da
194,nv vận hành pallet
195,cán bộ kỹ thuật
196,nhân viên  qc
197,công nhân cạo mủ cao su bậc 1/6
198,cc. đcxxd
199,công nhân tổ điện cơ và dịch vụ
200,bốc xếp
201,chất lượng ??
202,nhân viên điểm giới thiệu dịch vụ (xe máy) - nơi làm việc: gia lai
203,công nhân cắt liệu
204,công nhân bộ phận công vụ
205,công nhân  may
206,nhân viên văn phòng
207,công nhân lúp bím
208,chuyên viên bậc 1/8
209,thợ hàn
210,công nhân-vệ sinh last
211,nhân viên hỗ trợ kỹ thuật - v01 -  tp. vũng tàu - bà rịa - vũng tàu
212,công nhân vận hành máy may công nghiệp
213,phó hiệu trưởng
214,nhân viên cskh
215,cnhân dán dây da
216,công nhân ván
217,công nhân mẫu
218,coõng nhaõn trửùc tieỏp maựy may coõng nghieọp
219,công nhân-ép tem đệm lót
220,công nhân bộ phận
221,công nhân cắt phá  cắt gọt
222,nhân viên hành chính kiêm lái xe
223,công nhân pe
224,phụ kho vật tư
225,công nhân duy tu
226,công nhân  phân xưởng chế biến hải sản đông lạnh
227,công nhân khai thác
228,công nhân sửa chữa lại
229,nv đóng gói
230,công nhân đóng kiện
231,công nhân sản xuất bp lô hội
232,kỹ thuật điện
233,công nhân quét rác đường phố
234,nhân viên tổng đài
235,công nhân nhuộm
236,chủ tịch mặt trận
237,chuyên viên phòng tiếp thị truyền thông
238,nhân viên trị liệu
239,cn khai thác mủ cao su - nông trường nghĩa trung
240,kế toán  - trưởng phòng
241,công nhân mài đế
242,chuyên viên qhkhdn (ro)-01
243,nhân viên ép máy
244,nhân viên phòng kinh doanh
245,kỹ sư cơ điện
246,nhân viên thống kê đầy rỗng
247,công nhân phun sơn
248,công nhân  phụ may
249,thợ phụ
250,cán bộ
251,công nhân vận hành máy may công nghiệp chuyền 3
252,nhân viên lái xe điện nội bộ
253,nhân viên vận hành
254,công nhân may hàng phổ thông
255,công nhân định hình
256,công nhân bảo vệ
257,nhân viên giặt là
258,phó chủ quản p.hành chính
259,giáo viên trường tiểu học mường lạn
260,nữ hộ sinh
261,công nhân tổ bơm bê tông
262,công nhân bê tông
263,công nhân ấn cao tầng
264,nhân viên tư vần  công ty tnhh aklc việt nam
265,công nhân đứng máy (b)
266,công nhân sản xuất linh kiện điện tử
267,công nhân bộ phận gia công
268,nhân viên lễ tân
269,nhân viên  bán hàng
270,công nhân cạo mủ
271,công nhân vận hành công nghệ clo lỏng thuộc px clo
272,giáo viên tiểu học
273,nhân viên đổ sợi sợi con
274,lao động pt
275,lái xe xúc lật
276,nhân viên - v01 - tp.hồ chí minh
277,cn vận hành máy may công nghiệp
278,cn đánh số - bp cắt
279,lắp ráp
280,tổ trưởng bếp
281,lái xe container
282,công nhân kiểm tra chất lượng sản phẩm
283,cn mộc máy
284,cn tp. hồ chí minh
285,công nhân sản xuất phụ tùng ô tô
286,công nhân mài
287,nhõn viờn
288,nhân viên kế toán
289,công nhân sản xuất camera điện thoại
290,công nhân cbts
291,cn cạo mủ
292,công nhân - th.1
293,nvsx
294,công nhân đế trung
295,cđ dược
296,giáo viên hợp đồng
297,công nhân thủ công may
298,công nhân gia công 2
299,nhân viên thu nợ hiện trường
300,tổ trưởng tổ tạp vụ
301,công nhân sơn tĩnh điện  bậc 1/7
302,công nhân (sản xuất nền đĩa thủy tinh) .phòng sản xuất
303,cn tạo hình
304,nhân viên hỗ trợ kinh doanh
305,nv kế toán
306,công nhân bọ -khuy -nút
307,nhân viên bán hàng-bạc liêu-thị xã giá rai-kv3
308,công nhân đứng máy dệt sợi
309,công an viên
310,công nhân tp1-109
311,công nhân phụ may
312,công nhân khoan máy địa chất
313,công nhân bốc xếp thủ công
314,đại diện bán hàng - bộ phận kinh doanh
315,công nhân bộ phận qa
316,nhân viên phụ kho
317,công nhân quản lý vận hành lưới điện trung thế - điện lực con cuông
318,nv-tổ chức
319,công chức địa chính - xây dựng
320,phụ việc bột sơn
321,cn cơ khí
322,công nhân khai thác mủ cao su  bậc 1/6
323,cn-th00y
324,công nhân quấn dây
325,chuyên viên văn phòng thống kê  phụ trách nội vị  cải cách hành chính  thi đua khen thưởng
326,công nhân bốc xếp
327,điều dưỡng viên tyt tt tân dân
328,nhân viên thể thao
329,công nhân lắp ráp thành phẩm
330,nhân viên  thu mua
331,công nhân đứng máy ép
332,công nhân xi mạ
333,công nhân pu3
334,trung cấp cơ khí
335,nhân viên quan hệ khách hàng
336,nhân viên kho
337,công nhân chà nhám 3
338,kiểm lâm viên tc
339,công nhân chuẩn bị giầy
340,chủ tịch ubmttquốc
341,cn sx dây dẫn điện
342,giáo viên trường th tân thành 2
343,kỹ sư điện
344,nhân viên kinh doanh- dự án ss
345,công nhân sửa chữa cơ điện trong hầm lò
346,nv kho
347,cn sửa chữa cơ điện mỏ trong hầm lò
348,giáo viên trường thcs tân lập
349,cn hà nội
350,công nhân - xí nghiệp đn thoại sơn
351,qc point 7
352,công nhân túi
353,công nhân xưởng lắp xe
354,nhân viên tài xế
355,công nhân xếp phơi
356,ktv sơ cấp
357,đảng ủy viên  cán bộ văn phòng
358,cn-dán gia cố
359,gíao viên trường tiểu học  vàm láng 2
360,nhân viên buồng  khách sạn xanh thuộc
361,công nhân dán bóng
362,nhân viên tư vấn
363,công nhân ép quai
364,công nhân chuyền dây điện
365,nhân viên kiểm tra chất lượng
366,nhân viên locker (golf)
367,công nhân pha phao nhỏ c2
368,nv chăm sóc khách hàng
369,kỹ thuật viên bậc 1/12 xưởng thủy lợi
370,nnđh
371,nhân viên xn dvcc
372,nhân viên thu ngân
373,công nhân may lót
374,công nhân thủ công
375,công nhân sơn sắt
376,nhân viên sợi nhân tạo
377,hỗ trợ sản xuất
378,cán sự  thanh tra xây dựng
379,nhân viên bán hàng kiêm thu ngân
380,giáo viên tiểu học hạng ii  mã v.07.03.07  bậc 1 (85%)
381,phụ xế
382,cn kiểm tra chất lượng
383,cn vận hành máy may
384,nhân viên - v03 - tỉnh nghệ an
385,kế toán ( lđhđ)
386,trợ lý hành chính bậc 1
387,công nhân kiểm tra;
388,công nhân phụ việc
389,sàng  sấy hoá chất phối liệu cao su
390,công nhân phụ cắt giầy nữ
391,nhân viên khai thác tàu
392,lái xe tải (tổng tải trọng dưới 5 tấn)
393,công nhân bộ phận nhôm hóa
394,giám đốc kbnn huyện cần giuộc
395,tiếp thị
396,trạm phó
397,công nhân cat-cb t14
398,nhân viên  tiếp thị qua điện thoại
399,chuyên viên  phó trưởng ban
400,công nhân tổ chuẩn bị
401,công nhân bộ phận hộp mầu
402,giảng viên
403,công nhân quét hóa chất
404,giáo viên cơ hữu
405,công nhân cải tiến
406,nhân viên vệ sinh  bvđk cửa đông
407,công nhân dán dính
408,nhân viên - v04 - tỉnh an giang
409,công nhân vệ sinh môi trường
410,nhân viên - điện tuy phong
411,công nhân may mũi giầy
412,phó phòng
413,nhân viên phòng khách hàng
414,lđpt
415,quản lý khách hàng
416,nhân viên nhà hàng
417,phó giám đốc
418,nhân viện bán hàng-vùng 2
419,công nhân sản xuất (gia công cơ khí)
420,nhân viên cơ điện
421,cn máy ghép
422,công nhân tổ đóng cont
423,công nhân chạy máy định hình
424,nhân viên - v01 - tỉnh bình dương
425,giáo viên mầm non
426,chăm sóc
427,nhân viên phòng vé
428,trợ lý
429,công nhân tráng men
430,công nhân  máy may công nghiệp
431,công nhân cao su
432,công nhân in sơn 4
433,tiếp viên
434,nhân viên bảo vệ  phòng ngân quỹ- hành chánh
435,cán bộ tư pháp-hộ tịch
436,nv bảo vệ  tp hcm
437,nhân viên-brvt
438,công nhân cạo mủ bậc 1/6
439,kỹ thuật
440,kế toán viên
441,bảo vệ thực vật
442,công nhân ui bậc1/6
443,công nhân ván chà nhám a
444,công nhân phụ sơn da
445,giáo viên - trường thcs thị trấn trà lồng
446,cn khai thác than hầm lò
447,lái xe tải 15 tấn
448,công nhân sửa chữa điều van
449,vệ sinh công nghiệp
450,giáo viên mẫu giáo đak sơ mei
451,công nhân chặt
452,nhân viên nông trường
453,công nhân cà lăn cuối chuyền
454,thống kê
455,coõng nhaõn boọ phaọn nos g
456,nhân viên - v04 - đắc lắk
457,nhân viên housekeeping
458,nhân viên thống kê
459,công nhân phòng kiểm tra chất lượng.
460,công nhân cạo mủ cao su-xuân định  xuân lộc  đồng nai
461,cán sự
462,cb kỹ thuật tổ kt kt
463,nhân viên bán hàng - bình thuận - kv2
464,nhân viên marketing
465,cn - l3. ccbi
466,bảo vệ tuần tra canh gác
467,tksl trong k.trường mỏ
468,giao dịch viên  bưu điện huyện yên mỹ
469,nhân viên kcs
470,nhân viên - v01 - tỉnh đồng nai
471,nhân viên hợp đồng
472,công nhân nung đồng
473,nhân viên xếp ống sợi con
474,công nhân sản xuất nữ trang
475,công nhân khai thác mỏ hầm lò
476,hơp đồng thu
477,công nhân ép cao tầng
478,kỹ thuật xây dựng công trình
479,chuyên viên bán hàng
480,công nhân sản xuất máy in  máy fax  linh kiện  thiết bị điện tử  các loại khuôn
481,công nhân kỹ thuật
482,công nhân hoàn thiện
483,nhân viên tư vấn dinh dưỡng (vùng:i  -ngạch: c.23 - bậc: ii)
484,uỷ nhiệm thu thuế
485,công nhân ép nhiệt
486,công nhân máy dập
487,đứng bếp
488,nhân viên giám sát
489,công nhân bộ phận hoàn thành - công ty epic designers - kcn xuân lộc - bh - đn
490,nhân viên kho kiêm hỗ trợ kỹ thuật
491,chủ tịch ủy ban mặt trận tổ quốc (mn:01.004)
492,bảo vệ trung tâm bdct tp
493,chi?u x? th
494,giao hàng
495,nữ hộ sinh trung cấp  trạm y tế khánh hải
496,công nhân mài dao
497,công nhân chế tạo
498,công nhân- gấp biên
499,thieu chuc danh tu du lieu 3s
500,công nhân vận hành thiết bị
501,chủ tịch hội chữ thập đỏ
502,công nhân chạy máy cắt
503,công nhân t12may3
504,công nhân vệ sinh khuôn ip
505,nhân viên - v04 - tỉnh trà vinh
506,thợ sơn
507,công nhân cắt
508,nhân viên tiếp thị bia  phòng kinh doanh bia
509,công nhân phòng máy
510,nhân viên phục vụ sân gôn
511,nv nghiệp vụ cho thuê
512,công nhân may  độc hại
513,cán bộ địa chính - xây dựng
514,nhân viên - v02 - tỉnh đồng nai
515,cn in-maya
516,nử hộ sinh
517,phó chỉ huy trưởng quân sự
518,chỉ huy trưởng quân sự
519,giáo viên tiểu học hợp đồng
520,nhân viên thống kê thép móng
521,công nhân bốc xếp chai
522,công nhân in lụa
523,công nhân chế biến thủy sản - cn tổ tiếp nhận
524,chuyên  viên
525,công nhân kỹ thuật. 1.14  bậc 1/15
526,nhân viên - v01 - tp. hải phòng
527,tiếp đón khách hàng
528,lái máy xúc 450 dung tích gầu 1.9 khối
529,thành hình các sản phẩm cao su
530,nhân viên quản lý hệ thống
531,công nhân bp lắp ráp
532,công nhân  cán thép
533,nhân viên quầy bar
534,nhân viên clb games  câu lạc bộ games crown
535,kcs
536,cn chăm sóc
537,nhân viên vùng 3
538,công nhân cắt jumbo
539,cn lắp ráp
540,công nhân trại heo
541,cn vận hành mmcn
542,công nhân thành hình
543,kiểm diịch viên động thực vật bậc 1
544,hành chánh  tiếp tân
545,c.nhân/lr mdf
546,công nhân đứng máy thêu
547,nhân viên - v03 - tỉnh hà tĩnh
548,nhân viên bán hàng mk1
549,nhân viên y tế
550,cụng nhõn
551,công nhân nhà ăn
552,chuyên viên giám sát kỹ thuật (xây dựng)
553,bí thư đoàn kiêm ctv phó bch qs xã
554,phết keo đế  mũ giày
555,phụ xe
556,trạm trưởng
557,công nhân  gò giày  dép
558,tín dụng
559,công nhân kp
560,nvlx
561,công nhân chế biến thủy hải sản đông lạnh
562,cn may công nghiệp
563,kế toán;
564,công nhân lắp ráp cabin
565,nhân viên nhập liệu
566,công nhân bọc chính - ghế xoay
567,nhân viên - phòng kỹ thuật xây dựng
568,nhân viên phòng quản lý chất lượng công đoạn
569,công nhân tiếp nhận
570,cn ép cao tần  ép nóng  kéo lụa
571,công nhân mài nhẵn mặt da lạng da
572,nhân viên phục vụ gôn
573,công nhân khai thác than hầm lò
574,công nhân tổ lắp ráp  sản xuất
575,nhân viên buồng phòng
576,công nhân bao bì
577,công nhân vận hành
578,công nhân kiểm hàng
579,công nhân là ( tp )
580,lưu hóa các sản phẩm cao su
581,trung cấp nghề vhtbxm; cn xưởng lò nung
582,công nhân  bảo trì điện
583,cn may công nghiệp  cty tnhh may hiếu tiên
584,tổ trưởng tổ 9
585,công nhân nhựa chế tạo
586,nhân viên nghiệp vụg
587,công nhân mạ
588,kỹ thuật viên gj
589,147
590,công nhân đan dây
591,chủ tịch hội liên hiệp phụ nữ
592,công nhân điện lực huyện krông păk
593,công nhân xs gạch
594,công nhân (bộ phận cắt)
595,nhân viên giao nhận sản phẩm chuyển phát nhanh
596,cn phaphao
597,nhân viên - v02 - tỉnh cần thơ
598,nhân viên học vụ
599,công nhân lắp ráp mạch điện tử
600,cửa hàng trưởng
601,nhân viên tổ bảo trì
602,công nhân hoàn chỉnh giầy
603,kỹ sư công nghệ bậc 1/10 làm việc tại nhà máy xử lý khí dinh cố - công ty chế biến khí vũng tàu - 101 lê lợi - phường thắng nhì - tp.vũng tàu
604,công chức địa chính xây dựng
605,nhân viên giao nhận hàng hóa bậc 1/5
606,điều hành kinh doanh
607,giáo viên trung học cơ sở hạng ii bậc 1/9 hưởng 85%
608,công nhân là
609,công nhân - dán đế
610,nhân viên phục vụ bàn khách sạn hải âu
611,hợp đồng - ngạch giáo viên mầm non hạng iii
612,nhân viên - v02 - tỉnh cà mau
613,cn cuốn dây tự động
614,nhân viên cảnh quan môi trường
615,gíao viên trường tiểu học tân đông 1
616,công nhân móc sợi
617,công nhân cáp máy
618,nhân viên điểm giới thiệu dịch vụ (điện máy) - nơi làm việc: hà nam
619,bí thư đoàn thanh niên
620,nhân viên lái xe taxi
621,coõng nhaõn boọ phaọn nos e
622,công nhân trại lợn
623,nv
624,cán bộ tài chính kế toán
625,cán bộ thuỷ sản
626,công nhân  cty cpcb gỗ đức thành
627,công nhân vận hành máy may (may công nghiệp)
628,nhân viên tư vấn (sales)
629,công nhân  hàn
630,phết keo đế hoặc mũ giày
631,công nhân lắp ráp  sản xuất
632,đội phó sản xuất
633,công nhân phụ may công nghiệp
634,nhân viên bộ phận bảo trì và cơ khí
635,nhân viên nhà hàng trung  khách sạn crowne plaza
636,nhân viên lập trình
637,nhân viên phòng chế tạo động cơ
638,công nhân bộ phận hoàn thành
639,nhân viên phục vụ khách hàng
640,công nhân quét chất xử lý
641,công nhân-in hóa chất
642,cán bộ hợp đồng
643,công nhân pha cắt
644,văn thư
645,công nhân tạo hạt
646,nhân viên báo cáo
647,công nhân may giày
648,giáo viên tâm lý trị liệu
649,nhân viên thu phí mtc
650,công nhân chuyền 2   đường d1  kcn suối tre  xã bảo vinh   tx. long khánh  tỉnh đồng nai.
651,cn bốc xếp
652,công nhân kỹ thuật muối chế biến
653,52257/nv bán hàng/cocacola/vùng 2/thanh hóa
654,công nhân sản xuất bánh kẹo
655,công nhân sản xuất 2
656,nhân viên sửa chữa bảo trì ngoại vi và thiết bị
657,công nhân chế biến thủy sản đông lạnh  bậc 2/6
658,cn vận hành máy may-chuyền 10
659,công nhân bộ phận kỹ thuật
660,công nhân sửa cá
661,bôi keo
662,nhân viên - v03 - tỉnh đồng tháp
663,công nhân phun hoa sơn treo doan sau
664,công nhân kiểm hàng f2
665,công nhân sản xuất các loại hạt ăn được
666,công nhân bộ phận lắp ráp 7
667,công nhân may: thợ may yếu
668,nhân viên tư vấn bán hàng
669,nhân viên bán hàng trực tiếp
670,nv dịch vụ
671,đổ sợi cho máy thô
672,nhân viên chà nhám
673,công nhân thành hình a1
674,nhân viên điện
675,công nhân sx điện tử
676,công nhân  phòng vật tư
677,bí thư đoàn thanh niên cộng sản hồ chí minh xã
678,công nhân may cn l2f2
679,quyền trưởng công an xã hóa thanh
680,chuyền 06
681,trị liệu cs
682,công nhân là sản phẩm
683,cb - công nhân viên
684,khuyến nông
685,giáo viên - tổ phó
686,xã đội phó
687,công nhân pha cắt lầu b
688,công nhân sản xuất cao su
689,trạm nghiền
690,giao nhận
691,nhân viên điểm giới thiệu dịch vụ (điện máy) - nơi làm việc: thừa thiên huế
692,cb đài truyền thanh
693,nhân viên bán hàng - quảng nam - kv2
694,công nhân tổ ghép thanh-xưởng ván gỗ
695,nv hỗ trợ vận hành khai thác
696,nhân viên xe điện
697,phó trưởng ban dân vận
698,công nhân kiểm tra linh kiện theo đúng tiêu chuẩn công việc và tiêu chuẩn kiểm tra
699,công nhân-23628
700,trưởng công an
701,phòng hcns
702,nhân viên điểm giới thiệu dịch vụ (điện máy)
703,công nhân lao động phổ thông
704,công nhân kiểm tra chất lượng may công nghiệp
705,hướng dẫn viên
706,nhân viên tín dụng
707,đại diện tiêu thụ ii
708,công nhân bán lẻ xăng dầu
709,thợ máy
710,công nhân khuôn mẫu
711,nhân viên kho điện máy
712,giáo viên thpt bậc 1
713,công nhân cắt 3
714,lao động phụ
715,công nhân đứng máy sản xuất sợi 3 ca
716,công nhân nobashi
717,công nhân thao tác máy chặt
718,công nhân gò máy
719,công nhân đội thoát nước
720,công nhân pha keo
721,là  gấp  đóng gói (may công nghiệp)
722,phóng viên hợp đồng dài hạn
723,công nhân phòng sản xuất
724,công nhân so  sửa bán thành phẩm máy may công nghiệp - bộ phận may
725,cơ khí
726,công nhân lắp ráp điện gia dụng;
727,ktv hóa nghiệm
728,coõng nhaõn vaọn haứnh maựy goứ giaứy
729,giám sát viên buồng phòng
730,công nhân bp đóng gói
731,công nhân trực tiếp sản xuất sản phẩm ép nhựa
732,kỹ sư bậc 3/9  phó giám đốc
733,công nhân đánh số
734,công nhân bộ phận sanitary ware development
735,nhân viên sau bán hàng kiêm tư vấn - v04 -  chư prông - gia lai
736,phó bí thư đảng uỷ
737,chuyên viên tư vấn
738,công nhân bảo trì
739,nhan vien it
740,nhân viên tiếp đón
741,công nhân vận hành máy in hoa trên trục
742,tạp vụ
743,kế toán viên cao đẳng
744,giám sát bộ phận sản xuất
745,công nhân vh lò hơi
746,công nhân gia công ván a
747,phụ xe cuốc
748,nhân viên - v03 - tỉnh kiên giang
749,điều dưỡng cao đẳng
750,công nhân vận hành máy nhuộm
751,cn-tổ đóng gói
752,công nhân sản xuất roong
753,kinh doanh
754,nv. kỹ thuật atlđ-vslđ
755,công nhân phục vụ phân xưởng chế biến
756,cn-xử lý tp
757,công nhân bộ phận sơn
758,thợ lắp ráp
759,nhân viên bảo vệ - kcn hoà cầm  cẩm lệ  đà nẵng
760,công nhân quản lý thuỷ nông. bậc 6/6. xí nghiệp khai thác công trình thuỷ lợi lạc thuỷ
761,nhân viên chăm sóc khách hàng
762,công nhân sản xuất gạch (làm 3 ca)
763,công nhân xây dựng đường giao thông
764,nhân viên - v01 - tp. hồ chí minh
765,nhân viên tiếp thị
766,công nhân sản xuất nền đĩa thủy tinh
767,công nhân -may
768,nhân viên phòng tổng hợp
769,công nhân chạy lò
770,hiệu trưởng
771,nhân viên an ninh kiểm soát
772,phó phòng hành chính kế toán
773,công nhân lái đế dưới 35 tấn
774,công nhân scđb
775,0
776,nhân viên - v02 - tỉnh quảng ninh
777,công nhân may zz
778,công nhân sản xuất nến
779,quản đốc may
780,chuyền may
781,nhân viên sau bán hàng kiêm tư vấn - v03 - tx. vĩnh châu - sóc trăng
782,vm+ nhân viên bán hàng - vùng 2 - đà nẵng
783,công nhân gấp áo công nghiệp
784,công nhân sx linh kiện điện tử
785,công nhân nòng thép ứng lực
786,giáo viên trường trung học cơ sở phan bội châu
787,điều hành bưu cục
788,thuyền trưởng
789,công nhân chăn nuôi
790,công nhân thành phẩm - px2
791,dược sỹ bán hàng
792,công nhân sản xuất túi khí vô lăng ô tô
793,công nhân kho vật tư
794,phó chủ tịch
795,trưởng phòng
796,nhân viên y sỹ
797,mài da
798,xử lý
799,kế toán xí nghiệp chế biến lương thực 3/2 sóc trăng thuộc
800,công nhân chuẩn bị
801,công nhân đúc
802,công nhân  kiểm tra chất lượng (may cn)
803,gv-thtp-1a
804,công nhân dán
805,công nhân vận hành máy xúc >4m3
806,công nhân sơn tĩnh điện
807,p.quản đốc
808,giáo viên hợp đồng.trường thcs hợp thịnh
809,công nhân điện
810,giám sát viên
811,công nhân quản lý chất lượng nguyên vật liệu
812,nhân viên thu hồi nợ tại nhà
813,công nhân ủi may công nghiệp
814,nhân viên - v01 - tỉnh hải phòng
815,nhân viên quản lý lớp học
816,cn sản xuất
817,công nhân đánh bóng dao thìa dĩa inox
818,nghiên cứu viên  85% bậc 1/9
819,công nhân -trồng cây nnghiệp.nông trường cà phê -cao su việt-lào
820,công nhân cơ khí - bình lộc  long khánh  đồng nai
821,thợ phụ kiện
822,đóng gói - kíp c1
823,đóng gói
824,nhân viên tư vấn - v01 - tp. hà nội
825,công nhân in
826,nv. cấp dưỡng
827,quản lý xưởng may
828,me technician trainee
829,công nhân đứng máy nhựa - xưởng nhựa
830,lđpt x6cnv - chà nhám kiểm
831,công nhân máy in
832,thủ công
833,nv chứng từ
834,công nhân hoàn chỉnh
835,công nhân đứng máy cắt
836,cán sự bậc 5/12  phòng kế toán - tài vụ
837,phụ việc chuẩn bị
838,công nhân hoàn thành
839,vận hành máy và thiết bị  hàn  sửa bản mạch
840,điều hành tiếp thị thương mại
841,nv lập kế hoạch
842,thủ công ( theo sự phân công của công ty)
843,nhân viên kỹ thuật điện
844,thu ngân
845,quản đốc
846,công nhân dệt tất
847,pha chế
848,nhân viên sản xuất phòng gia công
849,nhân viên - v04 - tỉnh kiên giang
850,1020096
851,công nhân lắp ráp loa
852,nhân viên hồ bơi
853,công nhân đứng máy
854,trung cấp tin
855,nhân viên thẩm mỹ
856,công nhân máy tổ hợp
857,hộ lý khoa nội tim mạch
858,y tá chính
859,công nhân sản xuất linh kiện camera
860,công nhân túi giấy
861,nhân viên kinh doanh  bưu điện trung tâm thành phố vinh
862,công nhân lái cẩu dưới 3 5 tấn
863,25838 công nhân
864,công nhân vận hành máy dệt kim tròn
865,công nhân sửa chữa thiết bị cơ điện trong hầm lò
866,giao dịch viên chi quầy
867,công nhân vận hành máy sản xuất van
868,nhân viên quản lý
869,công nhân lập trình
870,công nhân sản xuất lắp ráp máy giặt
871,công nhân sản xuất camera
872,công nhân chăm sóc cà phê
873,nhân viên lái xe giao hàng - lái phụ
874,thợ máy tàu biển bậc 1
875,cán bộ không chuyên trách
876,mộc máy
877,phó trưởng phòng phóng viên
878,nhân viên nhân sự
879,công nhân đào tạo
880,công nhân hoa công
881,công nhân đo đếm vải may công nghiệp
882,nhân viên giao nhận suất ăn
883,nhân viên - v02 - tỉnh lào cai
884,nhân viên tiếp thị tại tp.pleiku  gia lai
885,chuyên viên phòng kinh tế kế hoạch
886,hoàn tất
887,công nhân cắt tỉa
888,công nhân  bpct
889,cnv-hta3
890,nhân viên - v04 - h. tháp mười  t. đồng tháp
891,lái xe trộn
892,lái xe vận chuyển bê tông
893,2853
894,chủ tịch ubnd
895,công nhân gắng tay
896,công nhân tiếp nhận cá
897,nhân viên-cấp bậc 1
898,công nhân chặt (xưởng giầy)
899,trợ lý phòng ie
900,công nhân cắt vải may công nghiệp
901,cao đẳng điều dưỡng
902,nhân viên phòng kế hoạch
903,đầu bếp
904,nhân viên huấn luyện
905,tổ trưởng thêu
906,cn xưởng chặt
907,phó trưởng phòng
908,thợ sửa chữa
909,bí thư đoàn tncs hcm
910,nhân viên qc
911,công nhân tạo phôi finger
912,nv may mẫu
913,nhân viên bảo vệ phòng hcns
914,công nhân pto
915,công nhân quét keo  dán đế
916,công nhân tổ se chỉ 2d
917,công nhân thêu chi nhánh 2
918,công nhân cấp đông
919,bảo mẫu  c.ty tnhh gd song ngữ
920,tổ trưởng dệt
921,công nhân bộ phận giặt
922,nhân viên phát thanh  quản lý nhà văn hóa
923,trợ lý giám sát
924,kỹ sư xây dựng
925,nhân viên vận hành tập sự
926,trợ lý ktv
927,hàn điện
928,giáo viên (tổ trưởng)
929,nhâ viên
930,công nhân tổ chi tiết
931,cn kỹ thuật
932,chuyền phó chuyền may cn
933,kỹ sư cơ khí chế tạo
934,điều dưỡng trưởng khoa ptgm
935,nhân viên -  v03 - cn  bình định
936,nhân viên thao tác máy
937,nữ hộ sinh chính
938,công nhân may ba lô  túi xách
939,nv hành chính
940,nhân viên kiểm lỗi phần mềm
941,công nhân quét keo
942,btđ tncshcm
943,phó chủ tịch ubnd
944,công nhân in ép
945,công nhân sản xuất dây dẫn điện
946,nhân viên trạm y tế xã
947,giám sát giặt là
948,công nhân may chuẩn bị
949,nhân viên - v03 - tỉnh bạc liêu
950,nhân viên kinh doanh - hải dương kv3
951,công nhân lò nung
952,nhân viên viễn thông chi nhánh điện phan thiết
953,công nhân xưởng cắt
954,công nhân khoan nổ
955,cn đăklăk - v3-  nv nhóm tư vấn bán hàng
956,đội trưởng đội thi công
957,nhân viên kiểm soát chất lượng injection 2
958,công nhân bọc nệm
959,phó bí thư đoàn tncs hcm
960,nhân viên xuất nhập khẩu
961,nhân viên thu thuê bao
962,nhân viên giao hàng
963,trưởng ca - v01 - tp. hồ chí minh
964,hoist
965,công nhân kcs săm
966,nhân viên - v03 - tỉnh vĩnh long
967,công nhân (qc fin f2)
968,lái xe tải
969,nhân viên mua hàng
970,công nhân bậc 1
971,giáo viên'
972,lái máy xúc rác
973,công nhân phòng sản xuất ato
974,trưởng phòng hcns
975,dịch vụ
976,bếp trưởng
977,nv kỹ thuật tkbt
978,nhân viên - v03 - tỉnh hậu giang
979,công nhân cắt gạch
980,nhân viên kỹ thuật điện nước
981,cn  mài 3
982,công nhân épmex
983,công nhân hlbu ống đứng
984,công nhân khuôn đúc
985,công nhân qc kiểm hàng
986,công nhân đo vải
987,công nhân may -1964
988,công nhân lắp ráp điện gia dụng
989,giáo viên lao động hợp đồng
990,phường đội phó
991,công nhân bộ phận thành hình
992,tổ phó chuyên môn
993,nhân viên siêu thị
994,công nhân giao nhận
995,công nhân xưởng may
996,công nhân chuyền thành hình
997,cnhân may cn
998,công nhân gấp  đóng gói sản phẩm
999,chuyên viên phòng tư vấn và hỗ trợ dn
1000,y sĩ
1001,kiểm soát viên
1002,nt cắt bo
1003,cn vận hành máy may (may công nghiệp)
1004,nvb.hàng
1005,công nhân cắt phá  cắt gọt (may công nghiệp)--mã nnđh--023100
1006,vận hành máy ống hút màng co
1007,công nhân mài đá ốp lát
1008,trưởng công an xã
1009,nhân viên quản lý sản xuất
1010,tăng mới theo hợp đồng lao động số 13-2017/hđlđ  tm
1011,nhân viên callcenter
1012,cn sửa chữa cơ điện trong hầm lò
1013,công nhân logistics
1014,kỹ thuật thổi  bộ phận sản xuất
1015,kỹ thuật viên âm thanh ánh sáng
1016,bảo trì
1017,công nhân gấp  đóng gói  (may công nghiệp)
1018,nv vệ sinh công nghiệp
1019,công nhân hàn bậc 3/7
1020,công nhân may công nghệp
1021,nhân viên phục vụ  phục vụ
1022,trợ lý trưởng xưởng
1023,nhân viên bảo vệ  làm theo chế độ 03 ca
1024,thành hình
1025,công nhân trại
1026,giao dịch viên cửa hàng
1027,nhân viên bảo hành
1028,nhân viên cung ứng
1029,cn áp tải
1030,tổ trưởng
1031,giáo viên-khối trưởng
1032,lái xe tải loại tải tọng 36 tấn bậc 1/4
1033,kt cam
1034,công nhân đánh cát
1035,giáo viên trường thcs thạnh thới thuận
1036,thợ lắp
1037,hộ sinh khoa sản
1038,công nhâna-l
1039,công nhân máy may
1040,công nhân cơ lý
1041,nv hổ trợ kt  làm việc tại bình dương  vùng 1
1042,công nhân dán mouse
1043,công nhân sản xuất và lắp ráp motor
1044,giáo viên trường mầm non liên sơn
1045,công nhân vận hành máy may (may công nghiệp- may mẫu)
1046,công nhân-tổ đóng gói
1047,nhân viên phòng chất lượng
1048,công nhân sơn bảo dưỡng chai gas
1049,công nhân-đúc
1050,công nhân sản xuất lắp ráp
1051,hộ sinh
1052,cn sắt
1053,80219/nhân viên dự án srf/quảng nam/vùng 3
1054,công nhân sản xuất tôm
1055,ktv lắp đặt
1056,công nhân may nối thân
1057,công nhân vận hành máy in offset
1058,nhân viên bán lẻ xd
1059,cn.đóng gói sản phẩm kim loại màu
1060,phụ việc
1061,cn phụ
1062,nhân viên lái xe nâng
1063,công nhân ủi thành phẩm
1064,nhân viên kiểm tra chất lượng sản phẩm
1065,techno-commercial executive
1066,giao nhận
1067,nhân viên kĩ thuật
1068,điều dưỡng trung cấp
1069,đt may
1070,công nhân sản xuất bánh
1071,nv bán hàng
1072,phụ việc tổng vụ
1073,gia?m sa?t
1074,công nhân kiểm phẩm
1075,văn phòng đảng uỷ
1076,nhân viên bán hàng siêu thị
1077,đóng gói - kíp b1
1078,kiểm lâm viên chính  hạt kiểm lâm diên khánh
1079,công nhân tráng men( làm việc 3 ca)
1080,nhân viên nấu bếp
1081,tổ phó
1082,công nhân sửa chữa ô tô
1083,công nhân tạo hình ngói
1084,qu?n lý xu?ng
1085,công nhân in máy
1086,nhân viên kỹ thuật tại cty tnhh xd tm &amp; dv hà hưng
1087,cn phun sơn
1088,công nhân bộ phận đánh bóng
1089,cn đóng gói
1090,công nhân dán đế
1091,công nhân ép phun
1092,lái xe taxi  bậc 1/8
1093,công nhân-đóng gói
1094,công nhân chế biến gỗ
1095,nhân viên bán hàng - bình dương - thị xã bến cát - kv1
1096,nhân viên kinh doanh csp
1097,giáo viên trường mầm non bán công xã liêm thuận
1098,nhân viên tư vấn long khánh: 27-31 cmt8  xuân an  tx long khánh  đồng nai - văn phòng
1099,y tá th
1100,công nhân tổ bọc
1101,cbkt
1102,giáo viên thcs trường thcs đăk pek
1103,công nhân_chuẩn bị 5
1104,hiệu phó
1105,công nhân làm vườn
1106,dược sỹ
1107,giáo viên  tổ phó
1108,trưởng bộ phận
1109,công nhân  -cty great process mẫu cb
1110,công nhân mạ đồng
1111,tư vấn viên làm việc tại nha trang
1112,xn pvcc
1113,phó bí thư đoàn xã
1114,nhân viên hướng dẫn game
1115,nhân viên bán hàng - bình định - kv4
1116,cnvh dây chuyền sợi
1117,nhân viên kho kiêm hỗ trợ kỹ thuật - v03 - tỉnh thừa thiên - huế
1118,tổ phó tổ anh
1119,cnsx
1120,công nhân trang trí
1121,nhân viên bán xăng dầu chxd số 1 - 124 lê duẩn - phường 1 - thị xã quảng trị - quảng trị
1122,dựoc sỹ tc-bậc1 -85%
1123,nhân viên/chuyên viên
1124,nhân viên phòng kế hoạch kinh doanh
1125,kiểm hàng
1126,công nhân bảo vệ rừng  trồng rừng
1127,ép đế
1128,cao su
1129,chuyên viên hỗ trợ kinh doanh
1130,nhân viên phục vụ bàn
1131,đội phó đội sản xuất
1132,cn khai thác mủ cao su
1133,kiểm tra viên
1134,công nhân kho sinh quản
1135,công nhân chế biến hải sản đông lạnh
1136,công nhân - lắp ráp giảm xóc sau
1137,công nhân kiểm mãnh may công nghiệp
1138,công nhân cấp liệu
1139,nhân viên kinh doanh (a)
1140,công nhân chế biến thủy sản
1141,lao động phổ thông
1142,nv hỗ trợ kỹ thuật - lv1
1143,công nhân bắt thướt;
1144,cn phụ việc
1145,công nhân phôi
1146,công nhân đánh bóng sản phẩm
1147,công nhân chuyền gomuneri
1148,công nhân chỉnh lý c
1149,kỹ thuật hiện trường
1150,lái máy kéo
1151,công nhân chà nhám
1152,52396/nhân viên bán hàng/beko/hà nội/vùng 1
1153,cn cấp dưỡng
1154,phó trưởng công an
1155,tư vấn bán hàng
1156,công nhân đúc đế(sx - a)
1157,công nhân đại tu cầu đường sắt
1158,công nhân sản xuất lắc
1159,cắt cỏ
1160,phụ bếp - bếp
1161,điều dưỡng trung học - khoa sơ sinh
1162,b.vệ
1163,nv kho hàng
1164,công nhân chăm sóc cây cảnh
1165,công nhân chuyên dng
1166,nhân viên sản xuất - chi nhánh trà vinh
1167,dệt may
1168,phụ may
1169,công nhân chuyền bàn
1170,nhân viên cơ khí
1171,giáo viên trường mn huỳnh kim phụng
1172,công nhân kéo dây đồng và nhôm
1173,nhân viên  cn bắc giang - v03
1174,phan loai  kiem tra san pham
1175,công nhân cắt da bò
1176,worker(cn)
1177,lái cẩu
1178,công nhân kiểm tra chất lượng  tổ thu hóa
1179,công nhân chỉnh lý (rb)
1180,nặng nhọc
1181,ks ql đất đai
1182,điều dưỡng viên hạng iv
1183,công nhânđế lớn (cx-b)-b)
1184,nhân viên bán vé
1185,công nhân bộ phận no sew
1186,hộ lý khoa ung bướu
1187,nữ hộ sinh  trạm y tế xã quế lộc
1188,tổ trưởng kéo xoắn
1189,công nhân xử lý nước thải
1190,điều dưỡng tc
1191,công nhân thành phẩm 1
1192,công nhân đại đế
1193,nhõn viờn  đội bảo vệ
1194,tổ trưởng cắt
1195,lò trưởng
1196,nhân viên hướng dẫn
1197,ql sản xuất
1198,bảo vệ (đi ca)
1199,giáo viên tiếng anh.trường mầm non scavi
1200,cán sự  phòng thống kê đông sơn
1201,quan trắc viện
1202,nhân viên vận hành xe nâng hạ
1203,công nhân sấy da
1204,kỹ thuật bảo trì
1205,công nhân tinh 4
1206,công nhân thêu
1207,cn kcs
1208,công nhân loại 4 (ghép)
1209,công nhân đai đấu
1210,công nhân cán cao su: đứng máy 2 trục ở ccs
1211,công nhân xây dựng
1212,nhaõn vieõn boọ phaọn nos e
1213,công nhân tổ cha bo
1214,công nhân ép nhựa
1215,công nhân  cb thủy sản
1216,công nhân bảo dưỡng
1217,nhân viên bảo vệ kho dự trữ
1218,kỹ thuật aa điện
1219,công nhân tổ chà
1220,nvkd
1221,nhân viên thợ mộc
1222,trưởng phòng chăm sóc khách hàng
1223,công nhân phục vụ may
1224,nhân viên bộ phận giặt ủi
1225,điều dưỡng viên
1226,công nhân mài chuẩn bị
1227,công nhân lao động phổ thông  cn sông đà 6.03
1228,cn vận hành máy khoan địa chất
1229,nhân viên - v03 - tỉnh bình định
1230,công nhân vận hành dây chuyền sợi
1231,y sĩ bậc 1/12-tyt tân quới
1232,cao đẳng điều dưỡng (điều dưỡng hạng iv) tại phòng điều dưỡng (đi luân khoa nội hô hấp); thực hiện các quy trình  chuyên môn  kỹ thuật chăm sóc (phục vụ) toàn diện cho người bệnh tại khoa nội hô hấp
1233,công nhân may 1 kim
1234,giáo viên tr. mn vàng san xã bum nưa
1235,nv quan hệ khcn
1236,công nhân vận hành máy may công nghiệp  tổ 6
1237,tư vấn viên
1238,chuyên viên kỹ thuật
1239,cán bộ tổng hợp
1240,nhân viên bán lẻ xăng dầu
1241,công nhânép đế đi 3 ca
1242,công nhân inpad
1243,nhân viên xưởng vụ a6
1244,công nhân đứng máy cắt cnc
1245,nhân viên máy mài
1246,công nhân dán đế lớp 3
1247,công nhân lò hơi
1248,công nhân chế biến thủy  hải sản đông lạnh
1249,công nhân hậu xử lý
1250,bí tư xã đoàn
1251,công nhân chuyền sp
1252,cán bộ tư pháp
1253,công nhân may công nghiệp xuân trung  long khánh  đồng nai
1254,kỹ sư thủy sản
1255,nhân viên an toàn lao động
1256,nữ hộ sinh trung cấp bậc 1/12  khoa sản
1257,nhân viên trắc đạc công trường
1258,nhân viên s1
1259,chủ tịch hội đồng quản trị
1260,công nhân khai thác lò
1261,công nhân in di động
1262,kỹ thuật viên xét nghiệm đa khoa-nhân viên khoa xét nghiệm
1263,nhân viên nghiệp vụ khai thác
1264,nhân viên may mẫu
1265,thợ điện
1266,chuyên viên kd
1267,cán bộ địa chính
1268,công nhân in xoa 1
1269,chuyên viên i quan hệ khách hàng
1270,nhân viên kho siêu thị
1271,cộng nhân sơn ip
1272,nhân viên - v04 - tỉnh tây ninh
1273,công nhân sản xuất - làm việc tại long xuyên  an giang
1274,công nhân duy tu  sữa chữa cầu đường sắt - cung đường mỹ chánh
1275,công nhân kiểm tra
1276,y sỹ
1277,thường trực
1278,bán hàng
1279,nvtt
1280,công nhân bộ phận hàn i
1281,công nhân đóng thùng
1282,nhân viên - v03 - thanh hoá
1283,cn .vân hành máy may
1284,giám đốc
1285,công nhân bộ phận vỏ lụa tay
1286,công nhân tp fingerca3
1287,8059
1288,công nhân vận hành máy
1289,công nhân đứng máy tiền phương
1290,công nhân phết keo đế và mũ giầy
1291,công nhân đứng máy chặt kv cán cao su
1292,công nhân lưu hóa các sản phẩm cao su
1293,nhân viên kinh doanh dự án samsung
1294,công nhân kỹ thuật cơ khí
1295,công nhân phòng chế tạo
1296,công nhân phụ
1297,cn đứng máy
1298,trưởng nhóm bán hàng trực tiếp
1299,c.n wood
1300,nhân viên bếp
1301,nhân viên tư vấn kỹ thuật thương mại
1302,công nhân phun ép
1303,công nhân may máy may công nghiệp
1304,nhân viên vận hành sản xuất
1305,giáo viên - trường mẫu giáo long bình
1306,nhân viên đứng máy bộ phận ncc
1307,công nhân thành hình -xưởngdép
1308,công nhân đứng máy ép giày
1309,bếp chính
1310,công nhân trải vải (may công nghiệp)
1311,nhân viên đứng máy sợi con
1312,công nhân thành hình các sản phẩm cao su
1313,nhân viên vận hành máy
1314,nhân viên hành chính nhân sự
1315,công nhân sản xuất cà phê
1316,điều dưỡng hạng iv
1317,công nhân vận chuyển kho vải nguyên liệu
1318,nhân viênthao tác
1319,giám đốc kd
1320,nhân viên kỹ thuật  lao động gian tiêp
1321,công nhân lọc và tẩy keo thuộc px silicate
1322,nhân viên đo đạc
1323,nhân viên cấp dưỡng
1324,công nhân tổ mài
1325,tbpt-công nhân đóng gói
1326,công nhân phụ hàn
1327,công nhân chuyền đế
1328,công nhân bộ phận may long thành
1329,giáo viên tiểu học bậc 1/12
1330,y sỹ đa khoa
1331,công nhân vận hành trạm biến thế từ 110 kv trở lên.
1332,công nhân nguyên vật liệu
1333,nv thao tác
1334,công nhân đóng gói a 03
1335,công nhân công nghệ bao
1336,công nhân sản xuất thức ăn thủy sản
1337,công nhân ép
1338,công nhân sản xuất sản phẩm cao su
1339,công nhân mài nút
1340,công  nhân may công nghiệp
1341,nhân viên thu phí
1342,nhân viên (đh)
1343,công nhân hàn điểm
1344,công nhân chế biến mủ cao su
1345,nhân viên bán hàng bậc 1/5
1346,cán bộ kct
1347,nhân viên kinh doanh kênh trả góp
1348,nvvp
1349,lái xe taxi
1350,nv giao hàng
1351,công nhân - may
1352,phó chánh văn phòng
1353,tổ phục vụ ka 1
1354,4999
1355,nhân viên lái xe khách 16 ghế
1356,thống kê  kế toán
1357,khai thác than trong hầm lò
1358,vận hành máy xúc ghạt bậc 3/7
1359,phó t khoa
1360,vận hành dây chuyền sợi
1361,ép kim viềng
1362,công nhân dán lót thân
1363,công nhân đánh đầu giày
1364,nhân viên - trường tiểu học tân hội b
1365,kế  toán
1366,nv x.hoàn thành
1367,công nhân kiểm tra chất lượng (kiểm hóa)
1368,công nhân_phụ việc
1369,cn cb
1370,đóng đinh
1371,công nhân đế
1372,cn may trực tiếp cn
1373,nhân viên thiết bị
1374,cn. kiểm tra chất lượng
1375,lái xe trọng tải từ 40 tấn trở lên
1376,công nhân  zy0172
1377,công nhân sửa chữa các thiết bị sản xuất xi măng trong phân xưởng sản xuất chính
1378,công nhân chà nhám
1379,nhân viên tổng đài thu hồi nợ - bậc 1
1380,giáo viên - tổ trưởng khối 4+5
1381,diễn viên múa đoàn nghệ thuật tổng hợp
1382,công nhân chăm sóc cao su
1383,công nhân đóng túi
1384,nhân viên phòng sxlr
1385,giáo viên trung học cơ sở
1386,công nhân vô lon ghẹ
1387,thợ nguội lắp ráp -bậc 3/7 - a1.6 n2
1388,đứng máy cắt ván(nhóm3)
1389,nv kd
1390,bác sỹ khoa nhi
1391,công nhân vận hành máy nén khí  bậc 3/7 thuộc phân xưởng luyện gang
1392,cn sửa chữa biến thế
1393,nhân viên bán hàng - kênh tt - l.1
1394,công nhân kiểm tra toàn bộ
1395,công nhân  định vị
1396,phóng viên
1397,nhân viên nhân viên xử lý hàng hóa - kho hải an - pkd08
1398,hộ lý  -
1399,nhân viên kế toán kho
1400,nhân viên hành chánh
1401,công nhân điện phân dung dịch nacl sản xuất xút (naoh)
1402,cn bán lẻ xăng  dầu (049003)
1403,nv văn thư
1404,cán bộ nhà đất
1405,bảo vệ  trường tiểu học long sơn
1406,công nhân may máy 1 kim
1407,trợ lý văn phòng
1408,công nhân so  sửa bán thành phẩm  công ty tnhh gg việt nam
1409,cn là gấp trong công nghiệp may
1410,kỹ sư - phòng kỹ thuật cơ điện
1411,công nhân may khuyết cúc trong công nghiệp may
1412,nhân viên - v04 - tỉnh quảng ninh
1413,lái xe đào 1 2 khối
1414,giáo viên trình độ cđsp
1415,công nhân nghiền phế liệu nhựa
1416,chuẩn bị liệu
1417,công nhân sơn b
1418,đội bảo toàn máy sợi con
1419,cn - nhuộm 2
1420,b. vệ
1421,công nhân hàn(6g) 1/7
1422,công nhân là gấp đóng gói sản phẩm
1423,công nhân cốt thép - hàn
1424,tổ trưởng chuyền may công nghiệp
1425,công nhân tổ sản xuất
1426,công nhân phân xưởng đùn ép
1427,công nhân ép nhựa
1428,cán bộ nhân viên
1429,công nhân may dằn thân
1430,nvbh
1431,công nhân đội vệ sinh
1432,ép suất  thành hình
1433,nv kt
1434,cán bộ tín dụng
1435,công nhân đóng gói 3 ca
1436,công nhân định hình mũ
1437,gdv quỹ
1438,công nhân lái xe
1439,sĩ quan boong bậc 1/3
1440,công nhân mài phá
1441,công nhân trồng và chăm sóc cây cao su
1442,xưởng sợi
1443,cn đề co
1444,y sĩ y học cổ truyền
1445,công nhân dập hàng
1446,kiểm hoá
1447,lái xe kamaz bậc 2/4  ban quản lý khu liên hợp gang thép
1448,nhân viên chụp hình
1449,công nhân máy con
1450,công nhân kỹ thuật viễn thông
1451,giáo viên tổ trưởng
1452,thợ ủi
1453,y sỹ - trưởng trạm-trạm y tế xã bản cầm
1454,công nhân sơ cấp chất lượng sản xuất
1455,công nhân phòng kỹ thuật
1456,phục vụ bàn
1457,nhân viên kỷ thuật
1458,cửa hàng trưởng
1459,nhân viên bán hàng phổ thông kênh gt
1460,giáo viên - trường thcs long trị 2
1461,công nhân cđ
1462,công nhân kỹ thuật hình ảnh
1463,công nhân hình ảnh
1464,công nhân phân xưởng lên men
1465,nv it
1466,công nhân đế cao su
1467,công nhân kỹ thuật phòng cơ khí
1468,nhân viên xưởng sản xuất
1469,công nhân công vụ
1470,công nhân dán bù
1471,công nhân tiếp xúc nước xử lý
1472,phụ việc xếp gỗ
1473,giám sát bán hàng
1474,nhân viên - v03 - tỉnh quảng ninh
1475,vn.5061
1476,công nhân vận hành máy mcn
1477,nhân viên - v03 - tỉnh lạng sơn
1478,thiết kế
1479,nhân viên kỹ thuật địa chất
1480,đdth
1481,công nhân tổ cnc+ chuyền bàn
1482,công nhân tổ cắt
1483,nhân viên phòng chế tạo khung
1484,khai thác mỏ hầm lò
1485,giáo viên.
1486,vận hành máy đảo sợi  se sợi con
1487,công nhân ráp linh kiện điện tử
1488,quản lý nhân sự
1489,nhân viên văn thư
1490,nhân viên giới thiệu sản phẩm
1491,nhân viên quầy thức ăn nhanh
1492,công nhân phun cát tẩy rỉ vỏ tàu
1493,chuyên viên tư vấn bán hành
1494,nhân viên chăm sóc khách hàng - tiền sảnh
1495,p. giám đốc
1496,nhân viên kho kiểm vải
1497,công nhân kiểm hàng đế lớn
1498,quản lí
1499,công nhân ip
1500,cắt vải trong công nghệ may
1501,cb vhtt
1502,cnhân đóng nút
1503,công nhân máy hai màu 2
1504,công nhân so  sửa bán thành phẩm
1505,công nhân sản xuất giầy bộ phận pha cắt
1506,trưởng phòng kinh doanh
1507,nhân viên bảo mẫu
1508,bảo vệ phòng tiếp dân
1509,thợ chính
1510,kiểm tra chất lượng
1511,công nhân phụ may máy công nghiệp
1512,lái xe sơ mi rơ mooc - phòng kế hoạch kinh doanh
1513,công nhân sản xuất tất
1514,công nhân dệt dây giày
1515,công nhân phụ máy thêu
1516,công nhân cl1-l1
1517,cn kho
1518,kỹ sư  bậc 1 - vi.01
1519,công nhân thợ hàn
1520,may 7a
1521,nhân viên - v03 - tỉnh vĩnh phúc
1522,công nhân vận hành thiết bị may công nghiệp  bậc 1/4 (a.01)
1523,đào tạo
1524,nv đổ sợi sợi con
1525,công nhân đóng đinh
1526,phụ lái đầu máy xe lửa chở than
1527,công nhân xưởng bao bì
1528,nv bán hàng kiêm thu ngân
1529,công nhân thành phẩm
1530,nhân viên phòng quản lý và tt sản phẩm
1531,nhân viên đặt phòng và tổng đài
1532,nv kỹ thuật
1533,nhân viên hóa mỹ phẩm
1534,y tá
1535,phục vụ nấu ăn
1536,giám định viên
1537,công nhân thao tác công đoạn chuẩn bị
1538,công nhân vận hành mmcn
1539,công nhân sửa chữa máy sợi tại phân xưởng
1540,công nhân in ống đồng
1541,nhõn viờn dọn dẹp
1542,công nhân bông đệm
1543,công nhân tạo hình
1544,bác sĩ
1545,công nhân bóc lụa
1546,công nhân thu tiền điện
1547,công nhân tiện thủy lực
1548,công nhân mài đá
1549,công nhân kiểm tra chất lượng (023102)
1550,nhân viên an ninh
1551,thợ  may
1552,sửa chữa cơ  điện
1553,văn phòng thống kê
1554,giám sát công trình
1555,nhân viên vệ sinh môi trường
1556,sr - nhân viên bh
1557,công nhân bộ phận đóng gói
1558,nv nhận hàng
1559,công nhân đế 1
1560,công nhân thao tác công đoạn thành hình
1561,giáo viên - tổ trưởng
1562,công nhân tổ ép
1563,nhân viên bộ phận  khuôn mẫu
1564,công nhân vận hành lò
1565,senior supervisor  partnership distribution
1566,học viên sản xuất vùng 1
1567,công nhân phòng in bao bì mỹ phẩm
1568,công nhân gắn rập nhám
1569,trợ lý kiểm toán viên
1570,công nhân gấp
1571,công nhân may thủ công
1572,hộ tịch - pca
1573,công nhân bộ phận nos n
1574,công nhân vận hành máy may cn
1575,công nhân khâu chuẩn bị
1576,công nhân xưởng in
1577,công nhân kiểm tra sản phẩm
1578,nhân viên trang trí kiêm thu ngân - sim số - v02 - tỉnh an giang
1579,công nhân - kcs
1580,nhân viên - phòng bếp
1581,cụng nhõn sản xuất
1582,nhân viên tạp vụ
1583,nhân viên phòng kỹ thuật linh kiện
1584,công nhân  chăm sóc cao su
1585,nhân viên - v02 - cn thái nguyên
1586,nhân viên xếp kiện bông ( nhân viên xếp kiện )
1587,nhân viên phụ bếp ii - bếp
1588,giáo viên mndl minh lập
1589,nv thu mua
1590,cn gọt đế
1591,quản trị viên dữ liệu
1592,công nhân cột sắt
1593,nhân viên bán hàng - bến tre - kv3
1594,nv.cấp dưỡng
1595,nhân viên xét nghiệm
1596,cn chăm sóc cao su
1597,nhân  viên  tiểu học lùng phình
1598,lái máy
1599,công nhân xưởng sơn
1600,nhân viên dịch vụ khách hàng
1601,1006694
1602,cn thủ công
1603,c.nhân may
1604,công nhân bp qc
1605,nhân viên phòng trung tâm xử lý nguyên vật liệu
1606,công nhân máy lạng
1607,công nhân chế biến hải thủy sản đông lạnh
1608,công nhân chế biến thủy sản đông lạnh
1609,cán bộ nhân viên seabank
1610,chỉ huy trưởng
1611,chuyên viên cao đẳng  bậc 1/10 mã số 01a.003
1612,chuyên viên  xí nghiệp kinh doanh số 2
1613,công nhân phân xưởng đế
1614,kỹ  thuật viên bệnh động vật
1615,công nhân sx phụ tùng ô tô
1616,nhân viên xln
1617,gíao viên trường  tiểu học tăng hoà
1618,chủ tịch
1619,công nhân chăm sóc cà phê đội 8
1620,công nhân tổ cơ điện
1621,giám sát phát triển nhân lực
1622,công nhân xây lắp điện
1623,nhân viên-hà nội
1624,cn tlsp
1625,nhân viên bảo trì tại các trang trại  trung tâm bán heo
1626,công nhân khai thác mỏ atimom
1627,công nhân may - chuyền may a5
1628,phụ trách kế toán
1629,công nhân nhổ giày
1630,công nhân lắp ráp chassis
1631,nhân viên - v03 - cn lạng sơn
1632,phó phòng tài chính kh
1633,trưởng ca xã
1634,công nhân sản xuất trực tiếp
1635,công nhân lâm nghiệp
1636,công nhân xưởng chế tạo thùng
1637,sửa chữa cơ điện trong hầm lò
1638,phó trại
1639,nhân viên hđ  cử nhân điện tử
1640,nhân viên điểm giới thiệu dịch vụ (điện máy) - nơi làm việc: long an
1641,nhân viên kế toán  phòng kế toán
1642,nhân viên tư vấn - v03 - châu thành - tiền giang
1643,công nhân quét rác
1644,nhân viên phòng tài khoản
1645,bảo mẫu
1646,cn-dán hợp
1647,nhân viên bán hàng - nghệ an - kv4
1648,1020883
1649,công nhân lò hấp
1650,nv pxv
1651,công nhân tổ may mũ giày
1652,nhân viên - v03 - tỉnh quảng ngãi
1653,kiểm tra và gia công sản phẩm
1654,nhân viên lái xe cuốc
1655,cụng nhõn lành nghề sản xuất điện thoại
1656,giáo viên thsp mầm non
1657,trưởng phòng kỹ thuật
1658,nhân viên bảo vệ chi nhánh hoà thuận
1659,coõng nhaõn
1660,nhân viên bộ phận kế toán  nơi làm việc: văn phòng công ty
1661,trợ lý kỹ thuật viên
1662,công nhân vận hành máy quấn sợi
1663,kỹ thuật viên sơn
1664,công nhân bốc dỡ đá cây lên xuống tàu đánh cá biển
1665,cn máy
1666,ủy viên ban thường vụ
1667,lái xe chở hàng
1668,nhân viên thiết kế (tính công đoạn ie)
1669,nhân viên truyền thông
1670,nhân viên chia bài
1671,giáo viên trường thcs phú tân
1672,công nhân làm mẫu ghế
1673,thực tập sinh thương mại
1674,công nhân cạo mủ cao su
1675,may chuyền 12
1676,cn may 3
1677,cn nề xây dựng các ct đầu mối thủy lợi  thủy điện
1678,mậu dịch viên
1679,tổ trưởng chuyền sản xuất điện thoại  thiết bị điện tử viễn thông - phòng sản xuất
1680,y tế học đường
1681,nhân viên bàn
1682,công nhân điện kỹ thuật
1683,n.viên
1684,lưu trữ viên trung cấp
1685,giáo viên (khối trưởng)
1686,công nhân nạp liệu
1687,công nhân dịch vụ
1688,điều dưỡng th
1689,công nhân cat-cb a
1690,nv bán hàng- cn quảng ngãi
1691,kỹ sư bậc 1/8
1692,trải vải
1693,công nhân chế biến gỗ  phân xưởng sản xuất
1694,giáo viên mầm non bậc 1/12
1695,công nhân phòng sản xuất linh kiện điện tử
1696,công nhân in xoa
1697,công nhân thử nghiệm
1698,phó bí thư đảng uỷ xã
1699,cod
1700,nv giám sát
1701,công nhân lắp đặt bậc 5/7  đội quản lý mạng
1702,nhân viên kỹ thuật thử việc
1703,cán bộ ban tổ chức
1704,công nhân điện tử
1705,công nhân xưởng dệt
1706,trình dược viên
1707,cn kcs -xn 1
1708,công nhân lắp ráp điện tủ;
1709,coõng nhaõn veọ sinh coõng nghieọp nhaứ maựy thuoọc da
1710,quản lý kinh doanh
1711,công nhân chỉnh lý đi 3 ca
1712,viên chức
1713,công nhân khâu in
1714,công nhân phơi bản in
1715,kỹ sư đảm bảo chất lượng phần mềm
1716,điện máy
1717,công nhân vận hành dây chuyền sợi (máy ghép thô)
1718,y sĩ yhct
1719,chuyên viên phòng thu
1720,cn vận hành máy may cn
1721,ho chi minh
1722,giáo viên.trường tiểu học văn lem
1723,công nhân vận hành tháp trao đổi nhiệt lò nung clinker xi măng
1724,công nhân chà nhám b
1725,nhân viên bv
1726,phó phòng giáo dục
1727,công nhân ép suất  thành hình các sản phẩm cao su
1728,công nhân trực tiếp sản xuất muối
1729,nhân viên điểm giới thiệu dịch vụ (xe máy)
1730,cn nhuộm
1731,công nhân nhà máy cán thép
1732,công nhân phòng sản xuất mae
1733,nhân viên thông dịch
1734,điều dưỡng khoa ngoại chấn thương
1735,diễn viên
1736,nhân viên điện tử
1737,thợ cơ khí
1738,nhân viên kiểm soát chất lượng
1739,nhân viên trang trí kiêm thu ngân - sim số - v01 - đống đa - hà nội
1740,công nhân tmil x1
1741,chuyên viên văn phòng
1742,công nhân vận hành máy đục lỗ  tán khuy
1743,kỹ sư phát triển sản phẩm
1744,nhân viên dữ liệu
1745,nhân viên tiếp đón khách hàng
1746,công nhân quét keo dán chi tiết
1747,tcxd
1748,kiểm phẩm
1749,trợ lý xưởng sản xuất
1750,công nhân rót tương
1751,thợ lái máy
1752,thợ nguội sctbkt bậc 2
1753,cn- may giày
1754,công nhân trồng và thu hoạch
1755,công nhân sơn - sơn
1756,44297/nhân viên bán hàng lg/khánh hòa/vùng 1
1757,công nhân dán giày
1758,quản lý bán hàng
1759,công nhân trộn nguyên liệu
1760,tài xê
1761,công nhân cắt đế
1762,nhân viên giao nhận mb
1763,nhân viên trang trí kiêm thu ngân - sim số
1764,phân tích công đoạn
1765,lỏi xe
1766,công nhân trồng chăm sóc thu hái chè
1767,lái xe container trên 20 tấn
1768,công nhân smt
1769,nhân viên lái xe tải trọng 5 tấn
1770,nhân viên giao lắp
1771,công nhân dằn giày-đế
1772,cn pha chế
1773,công nhân hàng trắng ghế
1774,công nhân cơ khí nhà máy chế biến đồ gỗ xuất khẩu hoà xá
1775,công nhân sản xuất bộ dây dẫn điện
1776,công nhân press o/s
1777,công nhân thủ công gia công lần 2
1778,nv hỗ trợ kỹ thuật - lv2
1779,tài xế  nhân sự-hành chính-hậu mãi
1780,công nhân cắt và bao ép
1781,trưởng ca
1782,công nhân tạo phôi
1783,kỹ thuật xn giồng riềng
1784,cnvhsc đường dây & trạm cnđ sơn động
1785,nhân viên kiểm ngân
1786,công nhân làm 3 ca
1787,xã đội trưởng
1788,công nhân kiểm hoá
1789,kỷ thuật
1790,văn phòng - đảng ủy
1791,công nhân trợ lý lãnh liệu
1792,cnkt vận hành thiết bị sản xuất xi măng
1793,nhân viên - v04 - tỉnh nghệ an
1794,trung cấp nghề lái máy xúc bậc 1/6
1795,công nhân dán decal khô
1796,nv bảo vệ
1797,công nhân cán  luyện cao su trong sản xuất giầy dép
1798,nv hành lý
1799,công nhân vận hành - nmtđ sông chừng quang bình
1800,công nhân vận hành lò hơi
1801,giáo viên trung học cơ sở chính
1802,nhân viên spa
1803,giáo viên trường mẫu giáo krông năng
1804,bác sỹ đa khoa - công tác tại khoa nội tổng hợp
1805,công nhân tổ kho thành phẩm
1806,trugn cấp kỹ thuật vật lý trị liệu phục hồi chức năng
1807,giáo  viên
1808,giáo viên  - mầm non thống nhất
1809,huấn luyện viên cá nhân
1810,nhân viên sinh quản
1811,công nhân cắt hàng
1812,trợ lý chuyên viên
1813,công nhân bao bản
1814,công nhân bộ phận nhặt chỉ  hoàn thành
1815,kt - giao dịch viên
1816,công nhân khai thác khoáng sản trong hầm lò
1817,chế tác viên
1818,cn. đóng nút
1819,trưởng ca sản xuất - bộ phận sản xuất
1820,chủ tịch hội. phụ nữ xã
1821,cn sản xuất khung  màng loa điện thoại di động
1822,gíao viên trường tiểu học tân phước 1
1823,nhân viên giao hàng kỹ thuật
1824,chỉ huy phó
1825,phó bí thư đoàn thanh niên xã yên thắng. ủy ban nhân dân xã yên thắng  huyện lang chánh  tỉnh thanh
1826,thiết kế  thiết kế
1827,cn khai thác
1828,cn hàn
1829,công nhân chế biến tương ớt
1830,nhân viên phụ trách phát triển khách hàng
1831,công nhân  gia công
1832,trực phụ vận hành
1833,cn tổ đóng gói 1 - nmsx dược phẩm
1834,công nhân px cán thép nóng
1835,lái xe tải hàng kiêm giao nhận - đội giao nhận. phường 2  quận 10  tp.hcm
1836,nhân viên máy khoan lỗ
1837,chuyên viên kỹ thuật - sản xuất
1838,chuyên viên cấp cao huấn luyện đại lý &amp; kênh phân phối
1839,công nhân cơ khí sửa chữa ô tô  phụ xe
1840,công nhân làm giầy
1841,cán bộ kỷ thuật trạm thú y tp vị thanh
1842,nhân viên dự án
1843,nhân viên - v02 - tỉnh phú thọ
1844,công nhân tổ bảo trì cơ - nhà máy cán
1845,giáo viên thcs chính
1846,công nhân vô lon flexible
1847,công nhân xử lý nhiệt
1848,nhân viên kho kiêm hỗ trợ kỹ thuật - v04 - hàm yên - tuyên quang
1849,công nhân so sửa bán thành phẩm
1850,công nhân may công nghiệpline 17 f2
1851,nhân viên hồ bơi  khách sạn crowne plaza
1852,chuyên viên hỗ trợ kinh doanh-01
1853,nhân viên - v01 - tp. hà nội
1854,chiếu xạ - thành hình
1855,công nhân hiện trường sản xuất
1856,nhân viên - v01 - tp hồ chí minh
1857,công nhân hướng dẫn kỹ thuật may
1858,trợ lý sản xuất
1859,công nhân đế lớn
1860,nhân viên - v01 - tỉnh bà rịa - vũng tàu
1861,dược sỹ đại học
1862,trưởng tt
1863,thợ gõ rỉ sơn cơ giới
1864,nhân viên phòng kỹ thuật chất lượng
1865,cn chồng mũ
1866,cn chế biến ts
1867,nhân viên phòng tổ chức - hành chính - tổng hợp
1868,giáo viên mầm non. trường mn ba ngạc
1869,qc
1870,lao động hỗ trợ
1871,công nhân mài nhẵn mặt da
1872,bóc xếp
1873,scan mẫu
1874,công nhân tổ lắp ráp
1875,nhân viên cảnh quan
1876,nhân viên kiểm hàng
1877,công nhân cắt may cn
1878,công nhân cắt chỉ hàng thêu
1879,công nhân phổ thông
1880,giáo viên mn vĩnh hoà
1881,nv thu cước
1882,nhân viên phòng sản xuất
1883,công nhân scan &amp; pack
1884,áp suất
1885,đầu lò sấy b1
1886,công nhân may trực tiếp công nghiệp
1887,cn vận hành dc sx xơ polyester
1888,nhân viên cứu hộ
1889,bảo vệ làm theo chế độ 3 ca
1890,công nhân máy cuốn
1891,công nhân bộ phận may lt
1892,cán bộ m&amp;e
1893,nhân viên hỗ trợ hành chính
1894,nhân viên bán hàng nhà sách thanh niên
1895,thư ký
1896,công nhân lđpt - msft
1897,ép da
1898,công  nhân đế cs- chặt c
1899,công nhân sản xuất đồ dùng bằng da. bậc 1/6 n2a2.2
1900,công nhân may 6b
1901,công nhân tổ sơn
1902,coõng nhaõn queựt keo ủeỏ vaứ  muừ giaứy
1903,lập trình viên
1904,vận hành thiết bị lọc bụi điện  lọc bụi tay áo  vít tải bụi
1905,nhân viên vật tư
1906,công nhân máy đột dập
1907,công nhân sản xuất nước khoáng
1908,nhân viên tổ kiểm
1909,kỹ thuật xưởng 1
1910,công nhân tp
1911,tổ phó  giáo viên
1912,kỹ thuật vt_nhóm ii
1913,công nhân vhmm - lđ loại 4
1914,nhân viên bảo vệ crown
1915,thắt dây
1916,công nhân bộ phận sản xuất
1917,điều hành xe
1918,công nhân ép nhãn
1919,cn may cn
1920,nhân viên-tphcm
1921,công nhân cáp đông
1922,chủ tịch công đoàn giáo dục
1923,chuyên viên ban phong trào
1924,công nhân sản xuất thiết bị điện tử
1925,công nhân máy ép
1926,nv vh hệ thống lưới lọc nghiêng
1927,nhân viên tiếp đón khách hàng - v04 - tỉnh bình định
1928,công nhân vận hành máy may công nghiệp
1929,thợ hồ
1930,công nhân dán đế ckd
1931,công nhân bộ phận đế giày
1932,chỉ huy
1933,công nhân giặt
1934,nhân viên chế tạo khuôn
1935,nhân viên tư vấn - v02 - cẩm phả - quảng ninh
1936,cn đường dây
1937,hộ lý
1938,công nhân chế biến nông sản
1939,nhân viên - v02 - tỉnh thừa thiên huế
1940,cán bộ kỷ thuật
1941,công nhân ép dán
1942,công nhân may khuyết  cúc trong may công nghiệp
1943,nhân viên - v03 - tp cao bằng  tỉnh cao bằng
1944,công nhân ấn
1945,nv sale aqua vùng 02
1946,công nhân khai thác mủ
1947,kỹ sư tin học
1948,công nhân quản lý nguyên vật liệu
1949,công nhân làm rèm cửa
1950,tổng đài
1951,công nhân chà râu mèo
1952,kế tóan
1953,nhân viên nghiệp vụ
1954,công nhân khâu phụ
1955,công nhân-chuyền thành hình
1956,thêu vi tính
1957,điều dưỡng nha
1958,công nhân suất ăn công nghiệp
1959,công nhân cơ điện
1960,thợ lạng
1961,thủ kho chính
1962,cb
1963,nhân viên ánh sáng
1964,công nhân làm thùng
1965,công nhân mặt hàng mới
1966,chuyên viên phòng hợp tác quốc tế
1967,công nhân bọc da
1968,công nhân sản xuất bột cá  dầu cá
1969,công nhân dán mặt
1970,công nhân chỉnh lý giày
1971,cán sự văn phòng thống kê
1972,nhân viên ql kho
1973,cn cấp đông
1974,công nhân sản xuất đế giày
1975,kỹ sư qa/qc
1976,nhân viên kiểm vải khâu kiểm phẩm
1977,nhân viên bảo trì nm cuộn-túi (loại 2)
1978,công nhân phòng cắt
1979,công nhân tẩy nhuộm
1980,nhân viên bảo hành_đăk lăk
1981,công nhân tổ panel
1982,tỉa biên
1983,công nhân may  chuyền
1984,công nhân lắp dựng coppha
1985,công nhân chất lượng
1986,thuyền viên các tàu vận tải sông có công suất từ 90 cv trở lên
1987,công nhân  tiện phay  bào  khoan cắt gang thép
1988,quản lý - v01 - tp. hồ chí minh
1989,công nhân vận hành  máy may
1990,công nhân xỏ dây - cài quai
1991,công nhân phụ máy may giầy
1992,lđ phổ thông
1993,công nhân phụ sơn
1994,công nhân phụ chuyền
1995,trưởng phòng điều hành nội địa
1996,135
1997,công nhân tiện  phay  bào
1998,nv kiểm tra chất lượng
1999,công nhân gia công đế
2000,nhân viên kiểm soát chất lượng chuyền
2001,thủ quỹ cơ quan bậc 1/12
2002,công nhân c. bị kéo lụa
2003,phó chủ tịch uỷ ban mặt trận tổ quốc
2004,công nhân sửa chữa điện trong dây chuyền may
2005,công nhân gác chắn đội quản  lý xây dựng cầu đường bồng sơn
2006,sản xuất nội dung
2007,nhân viên sản xuất tôm
2008,nhân viên vùng 2
2009,công nhân kiểm hóa
2010,phó phòng kỹ thuật
2011,giáo viên mnncl (lđhđ)
2012,tài chính - kế toán
2013,nhân viên thừa hành
2014,công nhân quản lý vận hành đường dây 220 500kv
2015,nhân viên - v02 - tp long xuyên  tỉnh an giang
2016,giáo viên  trung học cơ sở
2017,phụ bếp
2018,công nhân dập đầu vis - xưởng inox
2019,nhân viên - văn phòng
2020,công nhân quét keo chuyền chuẩn bị
2021,tổ phó tổ bộ môn điện tử
2022,nv vp
2023,thợ bế
2024,công nhân tổ kỹ thuật
2025,nhân viên văn phòng  phòng kinh doanh
2026,bí thư xã đoàn
2027,công nhân sản xuất công nghệ
2028,công nhân mộc
2029,công nhân sấy  vo viên  đóng bao npk(nn-đh; cn long an)
2030,công nhân bộ phận chà nhám
2031,công nhân mài sf-mài cạnh
2032,công nhân móc last
2033,công nhân thợ may yếu
2034,công nhân kiểm tra chất lượng da
2035,nhân viên tổ kính cường lực
2036,nhân viên bán hàng xăng dầu
2037,phó trưởng ban nữ công
2038,cn cắt
2039,tài xế xáng cạp
2040,cn nguyên liệu
2041,80093/nhân viên dự án srf/hạ long/vùng 2
2042,giáo viên dạy tiếng nhật
2043,công nhân bộ phận ép
2044,kế toán trưởng bưu điện thành phố vinh
2045,công nhân gò
2046,nv kế hoạch nệm
2047,công nhân may chuyền 8
2048,tp may 1
2049,cán bộ văn phòng - thống kê xã
2050,kỹ sư xd cầu đường
2051,công nhân lắp ráp (may công nghiệp)
2052,trưởng quầy
2053,công nhân đứng máy đánh ống
2054,công nhân bắn thẻ bài
2055,công nhân bán lẻ xăng dầu - chxd số 31
2056,thủ kho cơ khí
2057,công nhân nhuộm f1
2058,nv ptdl
2059,nhân viên - v03 - tỉnh ninh bình
2060,nv v?n hành máy
2061,công nhân tổ làm gọng kính
2062,giáo viên trường th trương định
2063,chủ tịch ủy ban mặt trận tổ quốc
2064,công nhân sửa hàng 7
2065,công nhân lắp ráp motor
2066,công nhân sản xuất túi khí ô tô
2067,công nhân cbthsđl
2068,nhân viên giao nhận siêu tốc
2069,công nhân trực tiếp chăm sóc cà phê
2070,cn vận hành máy đóng bao xi măng - pxtp
2071,kiến trúc sư
2072,nhân viên điều hành
2073,dược sĩ
2074,nhân viên sau bán hàng kiêm tư vấn - v03 -  đại lộc - quảng nam
2075,cn mài
2076,cán bộ khuyến nông cơ sở
2077,nhân viên quản lý chất lượng
2078,y sĩ đa khoa
2079,nhân viên  xnk
2080,kỹ sư  phòng kỹ thuật 3
2081,nhân viên tổ bao gói  công ty cổ phần sữa hà nội  quang minh  mê linh  hà nội
2082,thu? kho
2083,nhân viên phòng công vụ
2084,thủ kho vật tư  công cụ dụng cụ
2085,nhân viên - v04 - tỉnh gia lai
2086,nhân viên chăm sóc động vật
2087,công nhân máy 2 kim
2088,cb địa chính -xd
2089,xưởng 1
2090,nv. điều phối kinh doanh
2091,công nhân vệ sinh máy ip
2092,công nhân relift
2093,chuyên viên quan hệ khách hàng bán lẻ
2094,nhân viên nhà hàng (bậc 2)
2095,81504/nhân viên dự án srf/kiên giang/vùng 3
2096,lái xe 5 tấn
2097,văn phòng - thống kê
2098,công nhân xn. cơ khí
2099,công nhân px điện gia dụng
2100,nhân viên ngành hàng tiêu thụ mạnh
2101,nhân viên hóa nghiệm  bộ phận xi mạ
2102,công nhân bộ phận đúc nhựa
2103,công nhân may lót cánh
2104,công nhân dán lót lưỡi gà
2105,công nhân may 2 kim
2106,công nhân phụ phẩm fillet
2107,kỹ thuật viên đánh máy
2108,cn vận hành dây chuyền sợi
2109,nhân viên hành chính nhân sự tổng hợp
2110,công nhân may thân
2111,công nhân cơ điện lò
2112,công nhân may chuyền 1
2113,công nhân khâu cắt
2114,thủy thủ
2115,tổ trưởng tổ kho quỹ - kbnn hưng hà
2116,thủ quỹ
2117,kỹ sư. phòng vật tư-thiết bị y tế
2118,phó hiệu trưởng. trường mầm non xa mát
2119,x9-vat tu sat
2120,nhân viên  thiết kế rập p.kt-cn
2121,phó bí thư đoàn tn
2122,công nhân lái xe vận chuyển đất đá và than tại khu vực khai thác mỏ
2123,cán bộ cấp 2
2124,công nhân khâu chặt
2125,nhân viên phòng phục vụ bạn đọc
2126,nv lắp ráp máy
2127,công nhân sản xuất dây điện xe hơi
2128,công nhân điện chiếu sáng
2129,nhân viên thu hồi nợ
2130,công nhân thử việc
2131,công nhân may công nghiệpline 21 f2
2132,lái xe nâng
2133,vận hành máy in hoa trên trục  trên lưới
2134,lái xe tải &gt; 25 tấn
2135,công nhân quét mek
2136,nhân viên qc thiết bị đo
2137,cn luyện cao su
2138,công nhân bị liệu a
2139,nhân viên kỹ thuật chăn nuôi  chăm sóc gia súc  gia cầm
2140,công nhân chặt da liệu
2141,nhân viên - v03 - tỉnh lào cai
2142,công nhân sản xuất xơ tổng hợp
2143,giáo viên trường th phường 4b
2144,lái xe taxi 7 chỗ
2145,công nhân cơ khí sửa chữa máy công nghiệp
2146,đại diện bán hàng - bà rịa
2147,công nhân sản xuất sơn
2148,25526 công nhân
2149,công nhân may vi tính
2150,công nhân kiểm tra chất lượng (hoặc kiểm hóa  thu hóa)
2151,nhân viên thu tiền
2152,giáo viên mầm non dân lập
2153,công nhân cắt gọt
2154,công nhân may bậc 1/6
2155,công nhân mel(b)
2156,tập sự dược sỹ trung cấp
2157,thợ sơn thời vụ
2158,tiếp viên bậc 1/5
2159,công nhân sản xuất giầy xí nghiệp hải thất
2160,công nhân dập
2161,nhân viên làm giá
2162,công nhân chất lượng (qa-qc)/hns
2163,công nhân sản xuất gạch ốp lát
2164,cn sơn
2165,nhân viên - v04 - tỉnh thanh hóa
2166,trường th thanh hưng
2167,tổng đài viên
2168,nhân viên phát triển thị trường
2169,công nhân cắt manh
2170,giám sát kd
2171,công nhân tổ dập
2172,nhân viên tư vấn và giới thiệu sản phẩm (vùng: ii - ngạch: c.20 - bậc : i)
2173,công nhân phân xưởng hoàn chỉnh
2174,công nhân vận hành thiết bị may công nghiệp  bậc 1/6
2175,nhân viên se  sợi
2176,bảo trì máy may
2177,thủ kho vật tư thiết bị cơ khí sản xuất xi măng
2178,công nhân băng chuyền
2179,công nhân  phòng sản xuất
2180,giáo viên  tổ trưởng
2181,nhân viên kho siêu thị - v04 - đồng tháp
2182,cn quấn
2183,công nhân ép máy caochupo
2184,giỏo viờn
2185,kế toán
2186,công nhân mài bóng
2187,cụng nhõn may cụng nghiệp (may ba lụ  giỏ  tỳi xỏch)
2188,công nhân vận hành máy may công nghiệp - a248482/a22
2189,giáo viên
2190,công nhân chuyền chuẩn bị
2191,công nhân may trong may công nghiệp
2192,công nhân vận hành trạm bậc 5/7
2193,công nhân bộ phận multi casting
2194,cn cơ điện
2195,giám sát phục vụ
2196,nhân viên lắp ráp
2197,nhân viên phục vụ - bệnh viện đa khoa huyện tân thành
2198,công nhân may bật 1/12
2199,nhân viên vệ sinh
2200,công nhân sửa chữa - 3/7
2201,cn.kiểm hàng
2202,giáo viên mầm non (lao động hợp đồng)
2203,công nhân phân xưởng pha cắt
2204,nhân viên thủ kho -  làm việc tại đà lạt  lâm đồng
2205,công nhân mạ kẽm - bậc 1/5
2206,công nhân bậc 3/7
2207,cán bộ kt
2208,công nhân gắn thô (sợi con)
2209,quản lý công đoạn
2210,nhân viên lái xe 1 tấn
2211,công nhân tẩm bột
2212,công nhân cn rạch giá
2213,giáo viên trường mẫu giáo lht
2214,nhân viên hỗ trợ 1 (sơ chế)
2215,ckcb
2216,công nhân - thoa - quét keo
2217,công nhân đứng máy ép đế
2218,công chức tư pháp hộ tịch
2219,giám sát bh tổng hợp
2220,nhân viên it
2221,chuyên viên dịch vụ khách hàng - hà tĩnh
2222,công nhân chuyền may
2223,nhân viên an toàn và môi trường
2224,nv kiểm tơ sc
2225,công nhân xếp dỡ
2226,nhân viên sau bán hàng kiêm tư vấn - v04 -  triệu sơn - thanh hoá
2227,nhân viên cụng trỡnh
2228,điều hành đtt
2229,công nhân - thoa keo
2230,phó chủ tịch ubmttq
2231,biên kịch
2232,công nhân sấy 1 tổ 1 công đoạn 1
2233,công nhân tổ điện
2234,công nhân vân hành thiết bị may công nghiệp
2235,công nhân máy dán
2236,nhân viên sơn tĩnh điện
2237,công nhân chuẩn bị liệu - tổ chuẩn bị liệu
2238,nhân viên phòng điều khiển trung tâm
2239,công nhân ủi hơi
2240,công nhân vòng ngoài
2241,nv xử lý dữ liệu
2242,công nhân kỹ thuật chăn nuôi
2243,giáo viên tập sự
2244,nhân viên vệ sinh khu vực công cộng
2245,làm mác
2246,cn kt mủ
2247,cán bộ bậc 2
2248,nv kỹ thuật tkbt-nha trang  khánh hòa
2249,thợ điện - cảng chùa vẽ
2250,nhân viên phòng hành chính - nhân sự
2251,công nhân chế biến thủy sản-bộ phận sản xuất
2252,công nhân kiểm râu
2253,công nhân sản xuất loa điện thoại di động
2254,công phụ may 3
2255,nhân viên văn phòng xưởng
2256,nhân viên vệ sinh
2257,công nhân bộ phận may
2258,công nhân chuẩn bị ép
2259,nhân viên bán hàng tại hà nội
2260,công nhân công việc thủ công khác ( dán tem  phối đôi  kiểm liệu )
2261,nhân viên dịch vụ sau bán hàng - v04 - t. nghệ an
2262,công nhân phân xưởng nhuộm
2263,hướng dẫn  viên du lịch
2264,p.xnk
2265,chuyên viên  kỹ sư thủy lợi
2266,operator
2267,nhân viên dealer
2268,công nhân iqc
2269,mài
2270,nhân viên xử lý hợp đồng
2271,kế toán tổng hợp
2272,cán bộ dự án
2273,nv.p.khktvt
2274,công nhân - bảo dưỡng
2275,công nhân gò gót
2276,công nhân khai thác than trong hầm lò
2277,công nhânnhóm hàn đúcxưởng hoa sắt
2278,nhân viên bảo vệ tại nha trang
2279,nhân viên in sơn
2280,kỹ sư cơ khí
2281,k? thu?t viờn
2282,công nhân là chuyền
2283,bán hàng (phường bình trị đông b  quận bình tân  tphcm)
2284,bs. trưởng pk
2285,công nhân bộ phận hoàn chỉnh
2286,kê toán. phòng kế toán tài vụ
2287,công nhân xưởng cắt may
2288,đội trưởng đội quản lý tuyến ql 46&46b
2289,công nhân gia công robot
2290,tổng giám đốc
2291,tổ phó may
2292,y tá trạm y tế xã thông thụ
2293,công nhân đóng lệnh
2294,knitting operator / nhân viên kỹ thuật dệt
2295,công nhân bộ phận pfl
2296,công nhân gỗ
2297,nhân viên trung tâm dịch vụ khách hàng
2298,công nhân hàn gia công lắp ráp
2299,cbị c-in 3
2300,công nhân kiểm tra chất lượng sp
2301,công nhân đúc cán nhôm nóng
2302,nhân viên - v02 - tỉnh ninh bình
2303,10958
2304,công nhân thí nghiệm
2305,công ty tnhh yahon
2306,công nhân vận hành máy và thiết bị hàn  sửa bản mạch
2307,kế toán bán hàng
2308,trung cấp trắc địa  ktv đo đạc
2309,công nhân phòng sản xuất 4
2310,công nhân trồng chè
2311,nhân viên thống kê khoa i
2312,quản đốc phân xưởng
2313,khiêng khuôn
2314,công nhân hoàn thành sản phẩm
2315,nhân viên đóng thùng
2316,bảo vệ văn phòng
2317,công nhân kcs
2318,chủ tịch hội nông dân việt nam
2319,dược tá
2320,công nhân sản xuất dây cáp
2321,kỹ thuật viên quản lý chất lượng
2322,nhân viên bảo trì điện
2323,phân cỡ
2324,công nhân cưa
2325,nhân viên qhkh doanh nghiệp 1
2326,trưởng ca sản xuất
2327,nhân viên - v01 - cn tp.hcm
2328,nhân viên vp
2329,công nhân vận hành dây chuyền sản xuất gạch
2330,công nhân _ xưởng may
2331,5339
2332,cn  vhmm
2333,nhân viên bảo vệ dự án
2334,y sỹ y học cổ truyền
2335,công nhân kiểm hàng may mặc
2336,cn-máy may trụ đứng 1 kim
2337,cn vh máy may công nghiệp
2338,cn định hình
2339,lái xe đầu kéo
2340,công nhân hàng trắng - kcn long khánh  xã bình lộc  t.x long khánh  đồng nai
2341,giáo viên tiểu học hạng ii
2342,1006481
2343,giáo viên hợp đồng trường mầm non 22/12
2344,giáo viên trung học
2345,nhân viên - v04 - tỉnh bến tre
2346,trợ lý hành chính
2347,cb tư pháp - hộ tịch
2348,cán bộ đội công tác
2349,y tá chính b12/12
2350,nhân viên hạt kiểm lâm mũi cà mau
2351,công nhân hậu cần nguyên phụ liệu
2352,nhân viên bán hàng - thanh hoá - kv3
2353,kiểm ngân viên
2354,nhân viên thu tiền vệ sinh
2355,công nhân phòng in
2356,công nhân sơn
2357,giaó viên
2358,nhân viên tiếp tân
2359,nhân viên nhân viên soạn hàng
2360,gò dán 2
2361,cạo mủ
2362,công nhân chuẩn bị - lắp ráp 16
2363,giáo viên tiếng anh
2364,nhân viên bậc 1
2365,thao tác viên
2366,công nhân tổ lắp ráp 1
2367,kỹ sư điện tàu thủy
2368,nhân viên injection
2369,công nhân focus 2
2370,công nhân giặt công nghiệp
2371,công nhân trồng chăm sóc cà phê
2372,trợ lý trưởng bp. dịch vụ khách hàng
2373,công nhân sửa chữa máy may công nghiệp
2374,công nhân máy ép  tổ máy ép
2375,công nhân so  sửa bán thánh phẩm (may công nghiệp)
2376,công nhân quấn băng
2377,công nhân cắt công nghiệp
2378,công nhân phòng sạch
2379,lái xe cơ quan
2380,nhân viên kỹ thuật - chi nhánh dvcn số 3 - xí nghiệp dịch vụ cấp nước tây bắc tp vinh
2381,công nhân  cơ khí
2382,công nhân đóng gói - tổ đóng gói xưởng may áo thun
2383,giáo viên - trường mẫu giáo lương tâm
2384,nhân viên xn xn lắp ráp
2385,kỹ thuật viên nn
2386,thợ cưa
2387,công nhân đội chăm sóc vườn hoa
2388,weigh bridge operator/ nhân viên trạm cân
2389,công nhân đổ sáp
2390,nhân viên - v01 - hải phòng
2391,công nhân sản xuất muối
2392,nhân viên thủ kho
2393,công nhân sản xuất bông
2394,công nhân kaifa
2395,công nhân-chuyền may
2396,giám đốc chi nhánh
2397,công nhân bộ phận nos f
2398,giao dịch viên khối khách hàng cá nhân	pvcombank đồng nai
2399,y tá - khoa ngoại
2400,công nhân lắp ráp camera
2401,cn chăn nuôi
2402,56743- nv sales dsms - tiền giang - vùng 02
2403,cn bảo trì điện
2404,công nhân xay đá
2405,nhân viên hỗ trợ bán hàng
2406,công nhântest 2
2407,ca trưởng
2408,công nhân vận hành nhà máy
2409,công nhân dán trang trí 3 sọc
2410,giáo viên trường mầm non thị xã vị thanh
2411,công tác tại vũng tàu
2412,dược sĩ th
2413,nhân viên kỹ thậut
2414,nhân viên bảo vệ rừng
2415,công nhân kiểm bán thành phẩm
2416,nv tiếp thị
2417,cn chế biến gổ xkpq
2418,nhân viên điểm giới thiệu dịch vụ (điện máy) - nơi làm việc: bình phước
2419,công nhân vh
2420,công nhân may mẫu
2421,nhân viên đồng tháp
2422,công nhân mài nước
2423,công nhân chuyền dán-ad
2424,nhân viên bảo vệ bến xe
2425,công nhân xổ vải  giao nhận hàng
2426,cn đóng gói cn
2427,xưởng nhuộm
2428,công nhân truyền dẫn
2429,vm+ nhân viên bán hàng
2430,công nhân vận hành điện lò luyện thép fero phòng vận hành thiết bị
2431,thủ kho bao bì
2432,công nhân đánh xi
2433,công nhân bảo toàn  sửa chữa máy may
2434,công nhân đèn trắng
2435,công nhân  thợ sơn
2436,nhân viên - v03 - tỉnh tiền giang
2437,công nhân tẩy phân xưởng sơn
2438,kỹ sư chăn nuôi
2439,nhân viên bán hàng  tiếp thị (vùng ii)
2440,cn-gấp tỉa vật liệu
2441,nhân viên caddy
2442,cnkt
2443,công nhân-69721
2444,công nhân bộ phận mài
2445,thanh tra
2446,công nhân vận hành máy may( may công nghiệp)
2447,nhân viên thu hồi nợ thẻ tín dụng
2448,phó hiệu trưởng trường mầm non ia ka
2449,công nhân qc1
2450,công nhân hàn điện trong hầm tàu  hầm xà lang phòng vỏ lắp ráp
2451,công nhân sơn lót
2452,ktv
2453,phó giám đốc xí nghiệp giặt
2454,phụ kho
2455,công nhân lđpt
2456,lái xe-vùng 2-đà lạt
2457,công nhân bao bì xn thắng lợi
2458,công nhân    hàn a1.8 nhóm ii bậc 1/7
2459,nhân viên - v02 - tỉnh long an
2460,công nhân sơn treo
2461,lái máy xúc dưới 4m3/gầu
2462,công nhân  thủy nông
2463,công nhân may công nghiệp (lđhđ)
2464,giáo viên tổ phó tổ sinh hóa
2465,phó bí thư đoàn thanh niên
2466,công nhân gò hàn
2467,trung cấp mầm non
2468,công nhân nối thân ruột phích
2469,trưởng khoa dược cận lâm sàng
2470,công nhân sản xuất đá dăm
2471,tổng đài_cn đn
2472,quản lý viên
2473,công nhân phục vụ
2474,thợ cắt
2475,nhân viên quản gia
2476,công nhân qc hàng trắng
2477,nhân viên - v02 - tỉnh bắc ninh
2478,giáo viên trường mẫu giáo hòa an
2479,nấu ăn
2480,nhân viên đứng máy oe
2481,tài xế xe terberg
2482,công nhân_ gò mũi
2483,công nhân cb gỗ
2484,trưởng nhóm bán hàng
2485,giáo viên trường thcs hòa tịnh
2486,may c9
2487,trợ lý bộ phận phun sơn
2488,công nhân tạp vụ
2489,công nhân primer đế
2490,y sỹ  phòng khám kiên thọ
2491,công nhân bôi keo
2492,bác sỹ trực tiếp khám điều trị bệnh nhân cấp cứu
2493,công nhân phòng nghiên cứu
2494,nhân viên ktcn
2495,nhân viên chấm hình
2496,cán bộ phòng kế toán
2497,nv. vận hành ccr
2498,nhân viên dinh dưỡng
2499,phó chủ tịch hội liên hiệp phụ nữ
2500,biên chế đặc biệt
2501,nhân viên - v02 - tỉnh lâm đồng
2502,73231/unza/nvbh/gd nttầng+ khánh hội+lâm văn bền/vùng
2503,công nhân vận hành máy may(mcn)
2504,công nhân sản xuất tủ lạnh
2505,công nhân lắp đặt nhôm
2506,trung cấp gò hàn
2507,công nhân sx sợi x1
2508,công nhân máy
2509,nhân viên vận hành máy crimping
2510,cn kiểm hóa (may công nghiệp)
2511,gia công đế
2512,phụ việc may - chuyền may a9
2513,công nhân bảo vệ rừng
2514,công nhân bán xăng dầu và các sản phẩm hóa dầu
2515,cô nuôi
2516,giáo viên trình độ thsp
2517,nv phòng kế toán
2518,chuyên dùng
2519,công nhân sửa chữa cơ điện hầm lò  vận hành thiết bị mỏ
2520,công nhân bao gói sp
2521,nhân viên phiên dịch
2522,công nhân qc may
2523,nvbh kao - tây ninh
2524,tài chính -kế toán
2525,tài xế lái xe taxi 5 ghế đến 8 ghế
2526,p.ql
2527,cn vaän hành mmcn
2528,công nhân vận hành mày may
2529,công nhân nguyên liệu
2530,công nhân vận hành máy bồi vải
2531,nhân viên nhà bếp
2532,bảo vệ tuần tra
2533,lấy dấu
2534,nhân viên giao hàng-giải phóng
2535,trưởng phòng quản lý xây dựng
2536,công nhân ghi thu
2537,công nhân đứng máy đúc rót
2538,công nhân quản lý bảo dưỡng các công trình cấp nước bậc 1/7
2539,công nhân hàn điện
2540,chuyên viên đối soát thánh toán
2541,công nhân sản xuất vlxd
2542,nv bán hàng/cocacola/vùng 2
2543,công nhân tổ in
2544,c.nhân kiểm hàng
2545,công nhân đánh bóng
2546,phó chủ nhiệm
2547,công nhân rải tôm
2548,công nhân bộ phận đế outsole
2549,công nhân lò nung( làm việc 3 ca)
2550,công nhân may công nghiệp  tổng công ty may nhà bè-ctcp
2551,công nhân lái xe tải trên 10 tấn
2552,nhân viên sơ chế
2553,chuyên viên chính  ủy viên ban thường vụ huyện ủy  phó chủ tịch ubnd
2554,trưởng nhóm kinh doanh
2555,nhân viên phục vụ hành lý
2556,nhân viên trợ lý thư viện
2557,cn trải vải
2558,giáo viên tiểu học số 2 ia băng
2559,công nhân-máy ép cao tần kỹ thuật cao
2560,thuyền viên tàu viễn dương
2561,trưởng trạm
2562,002111-công nhân
2563,p.gđốc
2564,giáo viên- trường th vạn thạnh 2
2565,công nhân sản xuất  lắp ráp linh kiện điện tử
2566,mài nhẵn mặt da  lạng da
2567,học may may vi tính x1
2568,thợ hàn co2
2569,kỹ sư phần mềm
2570,công nhân may -2288
2571,công nhân  nkan
2572,cán bộ quản lý công trường cấp 3
2573,công nhân vệ sinh
2574,công nhân vận hành máy thêu
2575,chuyên viên tổng hợp
2576,nhân viên thủ quỹ
2577,công nhân cắt đai - gọt hàng
2578,nv khối lương
2579,nhân viên đội điện nước thuộc phòng kế hoạch và quản lý cơ sở hạ tầng
2580,công nhân cơ động
2581,nhân viên - v03 - cn trà vinh
2582,giáo viên  trường mầm non xã lùng vai
2583,thủ kho thành phẩm
2584,giao dịch viên bưu điện thành phố cao lãnh
2585,gíao viên
2586,c.nhân
2587,nhân viên phục vụ nhà hàng trúc xanh
2588,công nhân lab
2589,công nhân máy screen
2590,nvpv trên các đoàn tàu hỏa chở khách
2591,công nhân ép cao tần
2592,chuyên viên phòng bảo trợ  xã hội
2593,nhân viên hậu mãi
2594,nhân viên rửa  chất xếp dụng cụ
2595,công nhân định hình cá
2596,kỹ sư  trạm kiểm lâm bãi kênh
2597,văn thư lưu trữ  phong tong hop
2598,cán sự văn hoá xã hội xã
2599,cn xử lý rác sinh hoạt
2600,công nhân thả liệu
2601,phó chủ tịch ubmt tổ quốc
2602,chuyên viên tư vấn khách hàng qua điện thoại
2603,nhân viên thiết bị vùng 1
2604,thợ máy bế
2605,công nhân bộ phận phôi
2606,nhân viên phục vụ hành khách-công ty cp phục vụ mặt đất sài gòn
2607,công nhân  vận hành lò nung thuộc nhà máy gạch ốp lát sao đỏ
2608,công nhân cắt phá
2609,viên chức - chi nhánh văn phòng đăng ký đất đai huyện đà bắc
2610,công nhân xưởng nhuộm
2611,điều dưỡng trạm y tế thị trấn huyện
2612,thợ sửa chữa  bảo trì cơ điện chính
2613,nhân viên làm việc hcm - vùng 1
2614,công nhân bao gói/ đánh ống
2615,nhân viên - v03 - cn sơn la
2616,nhân viên bảo dưỡng
2617,công nhân xí nghiệp dệt sợi
2618,nhân viên phục vụ bậc 1/12
2619,nhân viên hỗ trợ
2620,nhân viên - v03 - tỉnh quảng trị
2621,nv. mr
2622,thợ ép đế
2623,cn  may cn
